61627, 63233, 66592, 64301, 64289, 65236, 64411, 63696, 67134, 64453, 66284, 63881, 63959, 65546, 64047, 62982, 62494, 63789, 66079, 64324, 67519, 64083, 64510, 62983, 63935, 63718, 64835, 66212, 63705, 61530, 62988, 64275, 61941, 63568, 62630, 64385, 65010, 66761, 64630, 63897, 65815, 62182, 64201, 64635, 65400, 62274, 61979, 65116, 64702, 65685, 
61118, 64146, 61854, 60355, 60993, 60763, 62566, 61783, 60557, 61403, 61428, 61999, 60130, 60743, 60172, 61481, 59644, 62723, 63543, 58771, 59206, 60549, 62437, 60220, 59969, 61201, 64427, 62597, 62470, 64102, 58648, 62290, 61130, 60176, 62058, 62769, 63181, 61403, 60209, 61656, 62054, 60436, 61185, 60312, 60645, 60973, 61834, 58695, 61442, 62435, 
58697, 58838, 56423, 57985, 58273, 60511, 58195, 58306, 55845, 57636, 59061, 59096, 59284, 57530, 60190, 58522, 59687, 59434, 58579, 58286, 55892, 59276, 59085, 60636, 58821, 58162, 60663, 60650, 58981, 60071, 58284, 58841, 55551, 59955, 58390, 59114, 57594, 58431, 58751, 56528, 59431, 60252, 59567, 60798, 58854, 59331, 58327, 60042, 58552, 58140, 
55867, 56649, 54759, 56301, 57093, 55063, 57181, 54920, 56880, 55190, 57943, 53828, 56388, 54446, 56802, 56156, 59905, 55240, 58030, 55093, 55970, 55618, 53858, 57488, 54850, 55009, 54007, 55044, 56641, 53768, 57757, 57396, 54867, 56659, 57657, 56322, 54162, 56078, 56978, 57415, 54706, 55640, 57055, 55492, 57302, 56782, 57093, 55899, 57046, 55217, 
54058, 52725, 53763, 52381, 56991, 56127, 55705, 54407, 54085, 53504, 54618, 53850, 55692, 52562, 54783, 54065, 53383, 54501, 53219, 52939, 55517, 53605, 54168, 52894, 51856, 52640, 52407, 54876, 53854, 51358, 52709, 56171, 55643, 55136, 52388, 56305, 55402, 51457, 53470, 52060, 55239, 51588, 53024, 52162, 53851, 52903, 52709, 51633, 53227, 52744, 
51141, 52184, 52232, 51201, 52546, 50518, 54877, 52548, 51817, 52806, 50417, 51598, 50510, 53140, 53712, 53385, 52154, 53175, 50960, 54896, 52106, 52379, 52505, 49797, 51366, 54822, 50792, 54527, 50632, 52965, 53076, 52919, 53162, 51230, 50549, 51800, 51826, 53995, 48477, 53640, 51237, 52003, 50602, 53118, 52254, 51444, 50178, 52337, 49805, 52633, 
48173, 48621, 48173, 51530, 51138, 48307, 49681, 49674, 47826, 48179, 50472, 49505, 51328, 50536, 51274, 48479, 50739, 48270, 48564, 50517, 48838, 50245, 49622, 50170, 51037, 46705, 49113, 48744, 47760, 49106, 50149, 48944, 49552, 51348, 51229, 47475, 50759, 52316, 50515, 49279, 49039, 49723, 48384, 49533, 48984, 48703, 48185, 51855, 51558, 50335, 
45957, 46146, 48478, 49622, 46199, 46188, 46693, 48320, 45554, 46374, 48193, 49622, 46059, 48228, 50171, 47842, 48597, 48799, 46999, 46902, 49633, 47531, 48135, 48139, 46156, 49637, 46773, 49030, 47219, 46095, 49128, 46705, 46914, 48586, 45101, 47241, 46916, 49403, 45865, 47431, 49223, 47794, 48521, 45069, 47332, 47242, 47836, 48069, 47221, 46874, 
44883, 46919, 46833, 45853, 47490, 46009, 44875, 45088, 45335, 46949, 45790, 47559, 46479, 43543, 45204, 46224, 46307, 44674, 46756, 46670, 46071, 47000, 47540, 45836, 45700, 46359, 44826, 47694, 47043, 46856, 46536, 47308, 47128, 45243, 45768, 45113, 46960, 46428, 43978, 46000, 45039, 45169, 46995, 44321, 45268, 45793, 45017, 46085, 44898, 45485, 
43996, 44301, 44342, 44112, 43151, 43920, 44792, 44009, 44521, 43738, 44999, 45402, 45234, 44801, 43910, 43827, 45516, 43411, 43572, 43664, 43145, 43970, 44315, 45134, 43484, 44940, 44046, 45888, 42202, 46929, 46139, 44815, 45909, 46351, 44810, 44134, 45145, 43370, 45072, 45745, 45528, 45103, 43792, 44605, 44144, 44743, 43744, 44097, 42719, 44181, 
41733, 43224, 41796, 41738, 42996, 44208, 42950, 45202, 43138, 43424, 41954, 44027, 42643, 41918, 41578, 44456, 43729, 44556, 43876, 43961, 42822, 42953, 44788, 42997, 43757, 43681, 44652, 43614, 43960, 41908, 42611, 43834, 43256, 42965, 41612, 42001, 43957, 43043, 44090, 43223, 43551, 42144, 44522, 42326, 42151, 42711, 43618, 43905, 43729, 44475, 
42162, 42070, 40011, 39972, 42075, 42549, 43213, 42704, 40265, 40756, 43011, 40698, 42935, 42690, 44281, 42271, 42395, 43050, 43635, 44199, 40816, 43296, 42430, 43558, 42228, 43435, 41480, 43136, 42897, 41408, 41236, 42191, 43020, 41923, 42510, 42301, 43753, 41985, 41015, 42641, 43225, 41908, 42550, 40408, 42061, 42634, 43696, 41600, 42460, 42291, 
40763, 40775, 41504, 40307, 40057, 41301, 43870, 40411, 42049, 41706, 41855, 41163, 41510, 41383, 40426, 40423, 41093, 40386, 40802, 40372, 40457, 41510, 39680, 41455, 40290, 42906, 40278, 41511, 41619, 39739, 41579, 40121, 40823, 40739, 42196, 42646, 41003, 41831, 43004, 41331, 42200, 39950, 38275, 40151, 40059, 40994, 41845, 42002, 41091, 41530, 
39068, 40711, 41622, 40668, 39889, 41301, 40511, 40312, 39549, 39563, 40337, 40011, 38586, 41171, 40868, 39125, 39938, 41517, 42180, 40231, 38983, 40296, 39694, 41330, 40018, 40435, 40269, 39019, 40538, 41598, 40005, 39300, 41290, 41358, 40110, 40705, 41703, 40690, 40951, 41185, 40497, 41912, 39489, 40107, 39722, 40544, 39441, 40711, 39183, 40054, 
39442, 39815, 39865, 38522, 40187, 40163, 38531, 39699, 38957, 39212, 38932, 40073, 39816, 39578, 40248, 39582, 40606, 38428, 40815, 38445, 40812, 39768, 39260, 38088, 40580, 41009, 39139, 40485, 40711, 39537, 39617, 39591, 40268, 38712, 39996, 39447, 39591, 38276, 40961, 39798, 38423, 41319, 39358, 39926, 40663, 38626, 40986, 38984, 39200, 40914, 
40366, 38113, 39210, 39647, 37695, 39252, 39427, 40096, 38770, 40399, 37985, 38540, 39200, 38483, 38366, 38871, 37718, 38028, 40717, 38534, 40767, 39205, 39433, 38480, 38135, 40597, 38080, 39321, 38904, 40389, 38638, 38719, 39461, 38947, 40847, 37676, 39756, 39615, 40658, 39951, 38505, 39483, 38977, 38325, 38450, 39554, 39696, 40909, 38348, 39739, 
39774, 38416, 40167, 38246, 38855, 38775, 38915, 38413, 39259, 39174, 39257, 38105, 38521, 38116, 37965, 38869, 38779, 36955, 40254, 38575, 38551, 40065, 37243, 38700, 38919, 38830, 38718, 38053, 38139, 39338, 38459, 37933, 38646, 38001, 39951, 38862, 38359, 38616, 38619, 38577, 39225, 39745, 38203, 39182, 37979, 39033, 38055, 39124, 39147, 38830, 
37989, 37902, 37978, 38360, 38884, 38314, 38564, 39787, 39355, 38846, 39850, 38441, 38638, 38603, 38403, 38436, 38072, 38795, 39380, 38520, 38482, 39114, 37804, 37751, 39255, 38711, 38088, 38281, 39425, 38483, 37204, 37624, 39623, 38690, 38990, 38513, 38911, 38982, 38180, 37417, 38629, 39913, 38288, 38597, 38854, 37171, 37607, 38190, 37923, 37495, 
37770, 38952, 37840, 37724, 38452, 39057, 38077, 37331, 38521, 39176, 38582, 39778, 37768, 37598, 39379, 39100, 38713, 38158, 38237, 38848, 38277, 37783, 37166, 37813, 37364, 38615, 38062, 36982, 39537, 39377, 38240, 38461, 38888, 39171, 38182, 36700, 37518, 38194, 39780, 38967, 38309, 38972, 37906, 39164, 37578, 38833, 38835, 37829, 38770, 38548, 
38549, 37146, 38434, 38104, 38656, 38401, 38482, 38677, 39341, 37826, 38986, 38418, 39063, 39063, 38778, 38631, 38704, 38015, 38661, 38573, 37857, 39391, 38017, 38189, 38357, 38752, 38618, 38549, 38690, 39795, 38762, 38467, 37428, 39244, 38401, 38244, 39319, 38771, 38412, 39446, 39079, 37944, 38364, 38576, 38266, 37446, 37753, 37541, 38467, 38767, 
39853, 37494, 38556, 38358, 38852, 38344, 39098, 38143, 38109, 38126, 37717, 38587, 38574, 36940, 37372, 36519, 37901, 38466, 37976, 38578, 38700, 39297, 38079, 37889, 37802, 38318, 37975, 37892, 38503, 37700, 39010, 37994, 38310, 38260, 38045, 39355, 37935, 38995, 38272, 38187, 38684, 38090, 37788, 38270, 37767, 37577, 38904, 37619, 38756, 37926, 
38055, 37916, 38525, 38481, 38145, 37864, 38197, 37598, 38801, 38700, 38651, 37680, 39309, 37246, 37884, 38859, 38720, 38627, 37968, 38706, 37668, 38418, 38146, 38148, 38553, 38930, 37297, 38879, 37684, 39560, 38724, 37723, 38420, 38671, 38140, 38700, 39648, 38864, 38592, 38624, 38271, 37855, 38061, 38343, 38473, 38729, 38629, 38799, 37496, 39677, 
38570, 38614, 38910, 39189, 38528, 38293, 39346, 38957, 39090, 38210, 38379, 38813, 38638, 38839, 39295, 37587, 39156, 38176, 38516, 39151, 39113, 37834, 39186, 38785, 38974, 38879, 39191, 39026, 38824, 39715, 39660, 37835, 37837, 38166, 38450, 38296, 38441, 39057, 38818, 38332, 38760, 38842, 38580, 38113, 38473, 38853, 38468, 38616, 37658, 38578, 
39371, 38655, 39568, 38153, 38247, 39000, 38208, 38881, 39305, 39046, 39427, 38713, 40286, 39565, 39290, 39676, 39547, 39576, 39266, 39007, 38871, 39795, 39308, 39954, 38997, 38830, 39215, 39830, 39123, 39378, 38405, 38365, 39227, 39527, 38430, 39386, 39233, 39119, 38301, 38248, 39888, 38661, 38328, 40072, 39329, 39314, 39166, 39014, 38529, 39219, 
39254, 39261, 38931, 39574, 39012, 39280, 39284, 39453, 39359, 38830, 39387, 39446, 38729, 39595, 39990, 38897, 39281, 40269, 38994, 40011, 39884, 39494, 39122, 38507, 39344, 39502, 39250, 39785, 39913, 39428, 39483, 39829, 38936, 38645, 39095, 38735, 39193, 39337, 39087, 38891, 38752, 39500, 39200, 39503, 40366, 39253, 39169, 38888, 39505, 39339, 
39755, 39903, 40037, 40271, 40593, 39350, 39314, 39885, 40485, 39522, 39891, 39698, 39809, 39223, 38702, 39688, 40156, 40184, 40565, 39582, 39795, 39369, 40164, 39629, 39683, 39429, 38966, 39350, 39572, 39621, 39696, 39470, 39448, 39708, 39421, 39633, 40166, 39198, 40381, 39995, 40132, 40467, 39732, 39660, 39610, 39650, 39470, 39601, 40085, 40257, 
40844, 40577, 40247, 40415, 40274, 39938, 40576, 40562, 39613, 41023, 40131, 40570, 40447, 40445, 40249, 40226, 40332, 39975, 40206, 40323, 39974, 40640, 40432, 40284, 40134, 40264, 40208, 40802, 39474, 39798, 39805, 40319, 40016, 40790, 40610, 40029, 40282, 40071, 41291, 40841, 39784, 40192, 40560, 39732, 39412, 39488, 40365, 39732, 40837, 40721, 
41466, 41345, 40480, 41550, 39974, 40206, 40165, 41058, 40716, 40383, 40413, 40752, 40158, 40704, 40776, 41335, 40595, 40256, 41389, 40456, 40686, 40517, 40758, 40318, 40502, 41159, 40489, 41371, 40937, 40849, 41134, 40458, 40646, 40967, 40664, 41289, 41446, 40944, 40042, 40596, 40787, 40071, 40285, 40891, 41108, 40928, 40449, 40307, 40364, 41249, 
41401, 41346, 41099, 40970, 41577, 41988, 41165, 41229, 41216, 41674, 41448, 41623, 40870, 41467, 41286, 40691, 40921, 41513, 41625, 41221, 40803, 40958, 41469, 41186, 41074, 40881, 41365, 41868, 41595, 41616, 41293, 41213, 41789, 41037, 40830, 40780, 41127, 41449, 41065, 41566, 41506, 41246, 41047, 41234, 40841, 41714, 41733, 41153, 41475, 40888, 
41703, 42313, 42171, 42048, 41685, 42303, 41748, 42139, 42123, 41349, 42173, 41569, 41814, 42243, 42140, 42081, 42220, 42387, 41745, 41657, 41856, 41860, 41493, 41776, 42707, 42338, 41841, 41887, 42078, 41778, 41654, 42186, 41831, 41193, 42028, 42278, 41331, 41810, 41924, 41538, 41614, 42212, 42278, 41860, 41899, 42064, 41502, 41917, 41357, 41663, 
42365, 42521, 42681, 42033, 41984, 42657, 42202, 42488, 42151, 42313, 42249, 42222, 42571, 42217, 42744, 42085, 42572, 42910, 42569, 42720, 42700, 41977, 42217, 42731, 42464, 42772, 42681, 42345, 42246, 42012, 42350, 41762, 42433, 42434, 42482, 41658, 42344, 42591, 42623, 42362, 42270, 42233, 42508, 42346, 42187, 42234, 42734, 42734, 42626, 42421, 
42658, 43170, 43251, 43692, 42514, 42921, 42600, 43029, 43022, 43077, 42800, 43127, 43523, 43307, 43290, 43134, 42779, 42821, 43617, 43483, 43573, 43027, 43111, 43326, 43239, 43141, 42900, 43469, 43141, 43340, 42989, 42862, 43047, 43153, 43222, 42684, 43375, 43126, 42856, 42787, 42846, 43229, 42684, 43126, 43514, 43019, 43529, 42489, 42743, 43275, 
44090, 43479, 44198, 44204, 44108, 43534, 43498, 43593, 43907, 43729, 43747, 43593, 43597, 43410, 44199, 43633, 43707, 43752, 43731, 44162, 44133, 43475, 43599, 43572, 44038, 43916, 43656, 43634, 44122, 43972, 43690, 43771, 43990, 43852, 44173, 43726, 43674, 43946, 44164, 44462, 43679, 43839, 43680, 43410, 44156, 44313, 43973, 43609, 43903, 43945, 
44784, 44294, 44432, 44331, 44295, 44327, 44622, 44361, 44491, 44350, 44739, 44400, 44538, 44731, 44849, 44446, 44525, 44037, 44254, 44704, 44282, 44226, 44417, 44888, 44411, 44390, 44108, 44661, 44601, 44433, 44056, 45020, 44547, 44425, 44265, 45029, 44832, 44173, 44738, 44536, 44474, 44454, 44266, 44252, 44431, 44513, 44525, 44936, 44512, 44710, 
45077, 45170, 45638, 45184, 45816, 44900, 44998, 45706, 45363, 45420, 45450, 45119, 45180, 45079, 45272, 45614, 45043, 45483, 45281, 45354, 45571, 45172, 44968, 45181, 45234, 45501, 45377, 45553, 44936, 45547, 45313, 45410, 45691, 45210, 45109, 45477, 45391, 45538, 45785, 45148, 44820, 45300, 45521, 45282, 45131, 45142, 45416, 44830, 45124, 45335, 
45597, 45957, 46480, 45997, 46052, 46282, 46244, 46706, 45554, 45721, 45627, 45829, 45805, 45882, 45938, 46253, 45820, 46257, 45718, 45853, 45894, 46616, 46267, 46151, 46057, 46719, 45706, 46030, 46312, 46144, 46275, 45988, 46187, 46373, 45896, 46431, 45947, 45789, 45789, 46390, 46018, 46078, 45656, 45810, 46102, 46440, 45909, 45888, 45861, 46265, 
46378, 46627, 46687, 46713, 47028, 47076, 46530, 46694, 46668, 47130, 46495, 46625, 46801, 47432, 46746, 46904, 46891, 46634, 47145, 47104, 46827, 46663, 47250, 46696, 46696, 46823, 46991, 47059, 46836, 47205, 46865, 46300, 47348, 46978, 46577, 47150, 47056, 46750, 46996, 46945, 46715, 47000, 46367, 47180, 46981, 46926, 46749, 46362, 47026, 47497, 
47662, 48034, 47632, 47630, 47906, 47909, 47855, 47353, 47698, 47987, 47346, 48065, 47473, 47478, 47647, 48103, 47906, 47742, 47933, 47812, 47526, 47463, 47455, 47767, 47679, 48033, 47520, 47895, 47590, 47559, 47312, 47178, 47551, 47455, 47807, 47850, 47628, 47615, 47614, 47531, 47538, 47871, 47511, 47924, 47248, 47538, 47350, 47727, 47880, 47418, 
48310, 48705, 48814, 48366, 48380, 48588, 48957, 48056, 48380, 48372, 48247, 48876, 48553, 48531, 48170, 48757, 48775, 48495, 48459, 48415, 48579, 48424, 48515, 48624, 48360, 48682, 48471, 48569, 48211, 48306, 48619, 48540, 48403, 48307, 48582, 48369, 48058, 48582, 48678, 48427, 48709, 48401, 48631, 48318, 48404, 48333, 48579, 48579, 48151, 48522, 
49187, 49233, 49151, 49339, 49474, 49157, 49380, 49395, 49394, 49228, 49337, 49174, 49252, 49034, 49603, 49115, 48968, 49662, 49406, 49411, 49324, 49678, 48818, 49134, 49381, 49318, 49250, 49166, 48832, 48990, 49412, 49114, 49240, 48942, 49259, 49080, 49223, 49306, 49248, 49285, 49382, 49408, 49443, 49139, 49467, 49443, 49443, 49229, 49531, 49579, 
50190, 50369, 50076, 50211, 50171, 50161, 50184, 50250, 50184, 50091, 50140, 49909, 50396, 50280, 50228, 50037, 50417, 49984, 50029, 50294, 50046, 50389, 50113, 50159, 50141, 50052, 49777, 50329, 50170, 49987, 50156, 50360, 50140, 50126, 50244, 50283, 50185, 50048, 50180, 49944, 50189, 50263, 50276, 50250, 50339, 49962, 50386, 50074, 50333, 50293, 
51074, 50875, 51298, 51036, 50704, 50737, 50924, 50977, 50797, 50753, 51314, 51108, 51181, 50793, 50967, 50938, 50646, 51086, 51279, 51106, 50881, 50844, 51275, 50872, 50950, 50978, 51062, 51105, 51194, 50697, 51082, 50953, 51016, 51193, 51315, 51139, 51039, 50743, 51278, 51111, 50926, 51181, 51058, 50744, 50684, 51054, 51060, 50978, 50703, 50996, 
51783, 51624, 52015, 51939, 51898, 52094, 51983, 51968, 51804, 52017, 51975, 51766, 51853, 51835, 52189, 51970, 51896, 52136, 51885, 51702, 51733, 52111, 51760, 52017, 51799, 52105, 51761, 51938, 51840, 51849, 51987, 51640, 51677, 51856, 51975, 52018, 52223, 51917, 51958, 51867, 51827, 51852, 52007, 51569, 51948, 51847, 51794, 51812, 52124, 51959, 
52683, 52632, 52663, 52844, 52973, 52689, 52866, 53073, 52805, 52629, 53025, 52858, 52967, 52923, 52962, 52854, 52823, 52871, 52608, 52865, 52825, 52872, 52675, 52709, 52860, 52681, 52932, 52464, 52765, 52573, 53152, 52832, 52912, 52741, 52939, 52886, 52914, 53101, 52621, 52781, 52666, 52739, 52971, 53073, 52622, 53193, 53097, 52650, 52811, 52891, 
53634, 53747, 53750, 53787, 53840, 53713, 53402, 53640, 53666, 53998, 53939, 53536, 53990, 53804, 53736, 53721, 53662, 53788, 53580, 53784, 53706, 53911, 53866, 53776, 53733, 53677, 53612, 53832, 53960, 53718, 53722, 53597, 53371, 54014, 53668, 53865, 53596, 53898, 53719, 53949, 53656, 54004, 53614, 53706, 53850, 53952, 53675, 53690, 53976, 54034, 
54463, 54564, 54791, 54360, 54802, 54821, 54641, 54816, 54810, 54794, 54707, 54591, 54560, 54989, 54658, 54543, 54558, 54918, 54712, 54735, 54908, 54384, 54624, 54696, 54653, 54672, 54648, 54322, 54787, 54838, 54523, 54443, 54698, 54747, 54768, 54797, 54604, 54478, 54625, 54616, 54723, 54775, 54520, 54748, 54807, 54541, 54340, 54863, 54792, 54623, 
55615, 55347, 55426, 55636, 55725, 55783, 55670, 55513, 55356, 55472, 55519, 55692, 55524, 55716, 55734, 55951, 55583, 55358, 55529, 55622, 55635, 55479, 55732, 55664, 55624, 55465, 55678, 55544, 55497, 55464, 55558, 55633, 55437, 55668, 55703, 55531, 55673, 55721, 55647, 55551, 55665, 55533, 55572, 55522, 55803, 55751, 55653, 55396, 55622, 55455, 
56606, 56578, 56474, 56498, 56486, 56694, 56539, 56447, 56532, 56788, 56803, 56433, 56605, 56628, 56479, 56467, 56664, 56497, 56527, 56457, 56430, 56582, 56491, 56681, 56373, 56746, 56435, 56601, 56279, 56681, 56447, 56648, 56408, 56500, 56273, 56549, 56514, 56400, 56768, 56449, 56623, 56577, 56581, 56341, 56447, 56630, 56466, 56489, 56445, 56535, 
57597, 57382, 57619, 57459, 57400, 57570, 57154, 57461, 57573, 57244, 57565, 57588, 57706, 57604, 57382, 57413, 57311, 57630, 57354, 57256, 57609, 57571, 57596, 57296, 57337, 57471, 57611, 57468, 57223, 57542, 57457, 57440, 57708, 57483, 57570, 57568, 57499, 57510, 57352, 57467, 57645, 57371, 57493, 57416, 57522, 57555, 57462, 57271, 57543, 57372, 
58524, 58342, 58454, 58488, 58179, 58745, 58295, 58494, 58320, 58240, 58550, 58314, 58465, 58486, 58652, 58595, 58539, 58436, 58701, 58559, 58236, 58139, 58447, 58652, 58417, 58308, 58576, 58618, 58503, 58340, 58391, 58409, 58529, 58579, 58624, 58393, 58714, 58300, 58480, 58382, 58468, 58510, 58312, 58453, 58627, 58255, 58242, 58500, 58560, 58418, 
59459, 59494, 59498, 59404, 59392, 59465, 59260, 59497, 59397, 59370, 59283, 59501, 59329, 59325, 59576, 59394, 59243, 59358, 59447, 59560, 59404, 59479, 59423, 59380, 59472, 59455, 59296, 59549, 59381, 59345, 59441, 59371, 59376, 59447, 59307, 59372, 59207, 59388, 59441, 59196, 59425, 59490, 59456, 59455, 59406, 59303, 59230, 59406, 59238, 59330, 
60239, 60331, 60408, 60274, 60611, 60465, 60237, 60286, 60467, 60541, 60148, 60476, 60683, 60488, 60161, 60338, 60419, 60397, 60407, 60379, 60330, 60181, 60270, 60579, 60313, 60419, 60396, 60133, 60387, 60349, 60465, 60604, 60553, 59993, 60544, 60452, 60457, 60377, 60486, 60450, 60567, 60301, 60314, 60313, 60392, 60345, 60387, 60484, 60433, 60144, 
61153, 61398, 61457, 61455, 61203, 61304, 61209, 61359, 61406, 61539, 61455, 61454, 61296, 61533, 61388, 61305, 61558, 61359, 61278, 61288, 61281, 61589, 61391, 61233, 61102, 61177, 61246, 61455, 61204, 61383, 61296, 61434, 61235, 61206, 61353, 61359, 61337, 61519, 61419, 61319, 61312, 61474, 61296, 61345, 61324, 61310, 61452, 61209, 61476, 61308, 
62456, 62279, 62477, 62467, 62530, 62209, 62350, 62227, 62474, 62285, 62328, 62450, 62468, 62387, 62390, 62388, 62491, 62195, 62238, 62287, 62490, 62353, 62404, 62414, 62270, 62315, 62377, 62455, 62223, 62361, 62247, 62281, 62290, 62366, 62354, 62365, 62353, 62358, 62386, 62295, 62535, 62377, 62284, 62479, 62257, 62417, 62520, 62123, 62361, 62231, 
63326, 63317, 63389, 63342, 63295, 63545, 63329, 63293, 63382, 63481, 63391, 63449, 63310, 63519, 63182, 63545, 63565, 63365, 63449, 63298, 63331, 63264, 63326, 63310, 63317, 63357, 63173, 63448, 63386, 63436, 63362, 63449, 63249, 63499, 63464, 63377, 63162, 63165, 63335, 63410, 63200, 63452, 63292, 63382, 63351, 63295, 63376, 63223, 63293, 63358, 
64264, 64298, 64421, 64440, 64387, 64414, 64324, 64331, 64230, 64388, 64329, 64385, 64221, 64424, 64401, 64281, 64338, 64297, 64404, 64363, 64351, 64230, 64261, 64500, 64356, 64326, 64373, 64451, 64294, 64392, 64252, 64330, 64364, 64431, 64413, 64354, 64212, 64510, 64252, 64328, 64300, 64359, 64322, 64356, 64302, 64215, 64384, 64430, 64336, 64239, 
65447, 65418, 65414, 65454, 65386, 65391, 65172, 65410, 65380, 65410, 65291, 65255, 65357, 65398, 65205, 65373, 65427, 65609, 65364, 65399, 65450, 65380, 65316, 65342, 65433, 65291, 65447, 65261, 65237, 65249, 65445, 65362, 65283, 65426, 65368, 65340, 65349, 65465, 65339, 65411, 65301, 65393, 65116, 65158, 65433, 65295, 65325, 65248, 65397, 65212, 
66325, 66664, 66352, 66405, 66307, 66429, 66438, 66401, 66399, 66413, 66434, 66338, 66349, 66401, 66310, 66200, 66340, 66323, 66284, 66313, 66470, 66277, 66458, 66502, 66311, 66364, 66349, 66182, 66504, 66421, 66427, 66247, 66411, 66450, 66287, 66439, 66288, 66312, 66320, 66324, 66305, 66383, 66451, 66362, 66553, 66238, 66457, 66422, 66364, 66500, 
67403, 67209, 67290, 67461, 67241, 67289, 67401, 67311, 67327, 67193, 67412, 67356, 67288, 67340, 67289, 67466, 67179, 67419, 67214, 67430, 67313, 67348, 67267, 67441, 67454, 67288, 67130, 67430, 67343, 67338, 67356, 67328, 67474, 67453, 67157, 67388, 67423, 67376, 67334, 67460, 67260, 67320, 67421, 67582, 67407, 67358, 67174, 67321, 67449, 67466, 
68323, 68352, 68456, 68312, 68381, 68331, 68335, 68539, 68443, 68337, 68516, 68458, 68369, 68346, 68186, 68342, 68452, 68386, 68395, 68382, 68303, 68473, 68305, 68376, 68352, 68460, 68449, 68526, 68455, 68325, 68376, 68580, 68414, 68493, 68359, 68329, 68449, 68294, 68384, 68445, 68398, 68526, 68542, 68228, 68535, 68346, 68417, 68596, 68393, 68350, 
69441, 69282, 69344, 69391, 69371, 69536, 69413, 69429, 69437, 69159, 69313, 69371, 69504, 69462, 69416, 69417, 69446, 69474, 69418, 69338, 69507, 69352, 69404, 69192, 69479, 69416, 69312, 69313, 69403, 69318, 69472, 69330, 69371, 69463, 69344, 69462, 69507, 69458, 69381, 69389, 69254, 69372, 69439, 69329, 69337, 69449, 69399, 69336, 69403, 69394, 
70621, 70475, 70407, 70325, 70379, 70474, 70393, 70409, 70419, 70386, 70329, 70412, 70604, 70359, 70481, 70467, 70368, 70402, 70236, 70552, 70404, 70356, 70556, 70492, 70440, 70347, 70483, 70516, 70459, 70434, 70325, 70450, 70457, 70513, 70422, 70426, 70329, 70482, 70365, 70406, 70662, 70337, 70465, 70436, 70429, 70431, 70519, 70289, 70440, 70388, 
71505, 71466, 71513, 71392, 71468, 71501, 71638, 71455, 71273, 71235, 71502, 71591, 71392, 71407, 71450, 71429, 71641, 71353, 71562, 71607, 71360, 71416, 71461, 71435, 71387, 71601, 71390, 71432, 71526, 71464, 71455, 71483, 71537, 71564, 71456, 71445, 71478, 71515, 71476, 71441, 71557, 71605, 71597, 71422, 71339, 71623, 71426, 71482, 71416, 71624, 
72616, 72490, 72520, 72492, 72578, 72460, 72463, 72483, 72465, 72427, 72463, 72447, 72437, 72457, 72515, 72509, 72589, 72433, 72415, 72491, 72525, 72538, 72646, 72463, 72496, 72525, 72381, 72375, 72529, 72597, 72552, 72435, 72406, 72470, 72680, 72550, 72513, 72540, 72491, 72352, 72432, 72545, 72434, 72575, 72445, 72389, 72673, 72588, 72431, 72510, 
73455, 73597, 73602, 73635, 73745, 73581, 73498, 73486, 73687, 73502, 73582, 73510, 73468, 73446, 73730, 73514, 73567, 73522, 73541, 73556, 73580, 73462, 73541, 73595, 73539, 73544, 73546, 73536, 73465, 73397, 73566, 73566, 73350, 73575, 73598, 73340, 73473, 73607, 73677, 73463, 73562, 73603, 73489, 73445, 73516, 73459, 73396, 73539, 73570, 73540, 
74564, 74497, 74528, 74515, 74687, 74437, 74569, 74527, 74603, 74553, 74579, 74654, 74572, 74553, 74542, 74563, 74577, 74561, 74622, 74472, 74532, 74612, 74548, 74570, 74539, 74565, 74602, 74562, 74605, 74435, 74653, 74571, 74521, 74476, 74596, 74499, 74593, 74540, 74542, 74547, 74478, 74528, 74572, 74592, 74635, 74486, 74561, 74592, 74611, 74693, 
75636, 75528, 75537, 75621, 75654, 75509, 75563, 75541, 75553, 75648, 75579, 75625, 75651, 75655, 75618, 75614, 75626, 75607, 75667, 75524, 75622, 75618, 75644, 75581, 75515, 75599, 75545, 75667, 75463, 75724, 75485, 75533, 75627, 75541, 75588, 75570, 75615, 75476, 75537, 75595, 75605, 75567, 75633, 75573, 75599, 75663, 75442, 75624, 75544, 75503, 
76648, 76603, 76611, 76617, 76572, 76633, 76640, 76721, 76700, 76647, 76593, 76720, 76706, 76721, 76667, 76733, 76645, 76683, 76584, 76586, 76625, 76640, 76753, 76606, 76701, 76578, 76711, 76660, 76771, 76620, 76673, 76678, 76629, 76695, 76693, 76758, 76644, 76551, 76655, 76639, 76608, 76601, 76586, 76727, 76655, 76611, 76661, 76598, 76595, 76655, 
77712, 77806, 77725, 77695, 77592, 77740, 77602, 77613, 77690, 77651, 77757, 77712, 77593, 77739, 77685, 77690, 77673, 77674, 77739, 77581, 77630, 77710, 77662, 77722, 77665, 77857, 77628, 77600, 77635, 77719, 77625, 77757, 77693, 77607, 77688, 77706, 77645, 77849, 77689, 77617, 77600, 77698, 77692, 77771, 77637, 77657, 77701, 77747, 77617, 77804, 
78745, 78762, 78816, 78691, 78724, 78730, 78725, 78626, 78722, 78748, 78669, 78693, 78664, 78703, 78845, 78671, 78763, 78762, 78818, 78788, 78749, 78587, 78725, 78687, 78757, 78696, 78731, 78739, 78687, 78783, 78674, 78808, 78747, 78735, 78762, 78640, 78741, 78699, 78810, 78706, 78750, 78816, 78709, 78786, 78669, 78696, 78744, 78658, 78742, 78779, 
79753, 79793, 79825, 79785, 79833, 79821, 79720, 79806, 79791, 79795, 79794, 79860, 79814, 79760, 79719, 79683, 79813, 79710, 79799, 79738, 79827, 79740, 79745, 79802, 79832, 79819, 79801, 79754, 79819, 79878, 79723, 79708, 79808, 79827, 79875, 79815, 79761, 79693, 79760, 79758, 79707, 79751, 79835, 79815, 79781, 79760, 79725, 79778, 79808, 79778, 
80844, 80723, 80869, 80883, 80866, 80851, 80896, 80782, 80853, 80834, 80858, 80765, 80807, 80819, 80900, 80850, 80827, 80815, 80869, 80813, 80922, 80908, 80831, 80833, 80837, 80769, 80851, 80847, 80810, 80838, 80866, 80831, 80877, 80761, 80870, 80768, 80792, 80884, 80844, 80858, 80833, 80807, 80760, 80878, 80818, 80766, 80739, 80815, 80763, 80811, 
81836, 81906, 81884, 81800, 81933, 81905, 81931, 81914, 81864, 81799, 81930, 81890, 81901, 81945, 81880, 81954, 81848, 81929, 81895, 81954, 81910, 81823, 81876, 81851, 81926, 81868, 81974, 81899, 81874, 81820, 81862, 81926, 81889, 81872, 81879, 81901, 81935, 81901, 81859, 81884, 81874, 81875, 81976, 81945, 81885, 81969, 81810, 81858, 81871, 81853, 
82868, 83083, 82935, 82930, 82896, 82955, 82922, 82994, 82949, 82974, 82896, 82908, 83008, 82981, 82953, 82946, 82968, 82951, 82877, 82970, 82887, 82977, 82954, 82907, 82995, 82898, 82903, 82974, 82989, 82909, 82925, 82936, 83005, 82939, 82982, 82933, 82882, 82982, 82928, 82960, 82912, 82911, 83025, 82913, 82989, 82936, 82887, 82936, 82937, 82883, 
84057, 83957, 83989, 84012, 84004, 83964, 83941, 84018, 83966, 83996, 83980, 83962, 83991, 84028, 83957, 84026, 84028, 84068, 83941, 84056, 83934, 83940, 84030, 84001, 84034, 83990, 84021, 83902, 83937, 83933, 83974, 83985, 84018, 84011, 84078, 83954, 84011, 83990, 84046, 84042, 84021, 83926, 84008, 84008, 84009, 84042, 84041, 84030, 84031, 84063, 
85089, 85031, 85159, 85089, 85087, 85074, 85056, 85048, 85011, 85125, 85043, 85034, 85071, 85054, 85117, 85064, 85061, 85026, 85092, 85059, 85094, 85038, 85068, 85151, 85120, 85037, 85080, 85082, 85077, 85089, 85117, 85036, 85072, 84996, 85126, 85014, 85017, 85116, 85120, 85085, 85006, 85091, 85097, 85073, 85019, 85124, 85113, 85044, 85036, 85015, 
86142, 86119, 86093, 86126, 86124, 86148, 86107, 86104, 86193, 86152, 86076, 86160, 86167, 86099, 86158, 86149, 86148, 86146, 86106, 86132, 86146, 86099, 86128, 86205, 86079, 86076, 86117, 86101, 86134, 86090, 86136, 86136, 86200, 86092, 86127, 86160, 86149, 86108, 86158, 86104, 86144, 86131, 86138, 86136, 86159, 86164, 86163, 86108, 86096, 86068, 
87240, 87126, 87149, 87217, 87165, 87106, 87158, 87222, 87182, 87185, 87209, 87211, 87196, 87164, 87253, 87239, 87217, 87190, 87165, 87246, 87209, 87234, 87220, 87185, 87210, 87158, 87147, 87210, 87173, 87224, 87271, 87180, 87121, 87172, 87187, 87186, 87263, 87131, 87184, 87176, 87250, 87206, 87193, 87196, 87163, 87245, 87200, 87184, 87208, 87201, 
88240, 88245, 88188, 88298, 88275, 88278, 88219, 88212, 88190, 88251, 88242, 88234, 88297, 88281, 88245, 88312, 88230, 88247, 88300, 88240, 88317, 88260, 88239, 88265, 88269, 88220, 88225, 88239, 88227, 88259, 88279, 88184, 88222, 88269, 88215, 88277, 88235, 88267, 88238, 88268, 88239, 88265, 88250, 88264, 88277, 88254, 88243, 88280, 88243, 88183, 
89340, 89320, 89378, 89390, 89334, 89334, 89355, 89312, 89328, 89266, 89281, 89328, 89360, 89314, 89318, 89371, 89365, 89331, 89320, 89327, 89348, 89407, 89285, 89299, 89275, 89322, 89292, 89337, 89300, 89304, 89305, 89403, 89339, 89345, 89307, 89368, 89290, 89307, 89309, 89320, 89325, 89323, 89284, 89329, 89302, 89294, 89309, 89315, 89313, 89347, 
90378, 90353, 90349, 90351, 90398, 90342, 90408, 90423, 90378, 90391, 90403, 90341, 90353, 90436, 90314, 90389, 90347, 90423, 90347, 90373, 90368, 90365, 90450, 90407, 90393, 90354, 90355, 90356, 90451, 90408, 90391, 90400, 90414, 90390, 90328, 90374, 90430, 90389, 90443, 90410, 90416, 90379, 90383, 90425, 90389, 90420, 90392, 90402, 90429, 90410, 
91459, 91402, 91434, 91482, 91516, 91469, 91481, 91442, 91467, 91474, 91480, 91417, 91423, 91487, 91426, 91459, 91436, 91474, 91447, 91460, 91460, 91437, 91468, 91443, 91458, 91440, 91444, 91488, 91409, 91457, 91483, 91401, 91430, 91467, 91445, 91434, 91430, 91409, 91471, 91499, 91433, 91526, 91482, 91421, 91490, 91465, 91459, 91437, 91440, 91420, 
92583, 92470, 92558, 92533, 92546, 92467, 92570, 92511, 92539, 92511, 92486, 92565, 92548, 92518, 92536, 92552, 92554, 92533, 92558, 92542, 92488, 92549, 92517, 92561, 92522, 92543, 92529, 92527, 92472, 92537, 92510, 92558, 92524, 92505, 92525, 92538, 92574, 92558, 92536, 92492, 92519, 92543, 92483, 92569, 92537, 92531, 92511, 92549, 92537, 92512, 
93598, 93627, 93559, 93616, 93620, 93609, 93641, 93597, 93639, 93656, 93603, 93584, 93599, 93588, 93632, 93610, 93645, 93585, 93613, 93635, 93622, 93612, 93609, 93614, 93645, 93591, 93601, 93653, 93598, 93597, 93551, 93615, 93576, 93621, 93609, 93618, 93643, 93592, 93580, 93596, 93594, 93594, 93630, 93642, 93590, 93573, 93574, 93619, 93634, 93633, 
94693, 94696, 94697, 94679, 94696, 94629, 94665, 94647, 94683, 94704, 94654, 94685, 94650, 94711, 94727, 94666, 94642, 94658, 94628, 94685, 94660, 94693, 94628, 94688, 94677, 94653, 94699, 94642, 94666, 94646, 94689, 94653, 94699, 94652, 94647, 94680, 94671, 94650, 94708, 94690, 94711, 94678, 94721, 94625, 94691, 94671, 94713, 94689, 94738, 94694, 
95678, 95729, 95759, 95742, 95770, 95766, 95705, 95728, 95745, 95720, 95762, 95767, 95716, 95763, 95742, 95762, 95746, 95769, 95732, 95752, 95739, 95757, 95777, 95792, 95721, 95805, 95766, 95740, 95717, 95784, 95717, 95739, 95775, 95732, 95724, 95746, 95759, 95732, 95733, 95696, 95719, 95779, 95741, 95750, 95730, 95777, 95796, 95726, 95738, 95755, 
96817, 96799, 96841, 96831, 96810, 96816, 96808, 96825, 96848, 96830, 96815, 96854, 96812, 96841, 96858, 96823, 96827, 96831, 96834, 96812, 96833, 96801, 96803, 96801, 96827, 96817, 96824, 96808, 96810, 96857, 96834, 96858, 96810, 96839, 96863, 96825, 96797, 96821, 96822, 96815, 96829, 96813, 96807, 96844, 96821, 96863, 96846, 96776, 96808, 96828, 
97902, 97899, 97950, 97873, 97930, 97886, 97945, 97890, 97934, 97929, 97876, 97893, 97901, 97850, 97869, 97893, 97925, 97881, 97883, 97914, 97870, 97886, 97889, 97902, 97915, 97890, 97892, 97901, 97920, 97909, 97879, 97918, 97892, 97904, 97884, 97918, 97853, 97892, 97892, 97902, 97924, 97879, 97921, 97902, 97861, 97932, 97907, 97936, 97892, 97901, 
98976, 98991, 98994, 98971, 98950, 98974, 98941, 98991, 98979, 98970, 98984, 99025, 98971, 98975, 98990, 98980, 98949, 98988, 98986, 99005, 98979, 98947, 98999, 99012, 99004, 98995, 98985, 98971, 98979, 98961, 99003, 98973, 98957, 98978, 98991, 98991, 98985, 98982, 98973, 98980, 98989, 99015, 98969, 98996, 99002, 98999, 99026, 98998, 98983, 98974, 
100031, 100082, 100043, 100065, 100025, 100062, 100096, 100063, 100033, 100048, 100092, 100052, 100040, 100040, 100036, 100081, 100061, 100055, 100056, 100081, 100057, 100111, 100066, 100043, 100053, 100084, 100033, 100054, 100067, 100036, 100054, 100058, 100044, 100048, 100108, 100021, 100075, 100019, 100056, 100055, 100087, 100078, 100070, 100063, 100063, 100066, 100017, 100046, 100074, 100056, 
101138, 101098, 101146, 101143, 101133, 101109, 101136, 101138, 101137, 101140, 101145, 101145, 101140, 101122, 101149, 101123, 101141, 101139, 101128, 101168, 101116, 101121, 101152, 101116, 101139, 101146, 101142, 101115, 101165, 101131, 101136, 101118, 101153, 101127, 101135, 101123, 101142, 101135, 101131, 101166, 101130, 101127, 101150, 101138, 101130, 101125, 101147, 101176, 101116, 101152, 
102197, 102224, 102227, 102227, 102205, 102212, 102217, 102217, 102226, 102211, 102221, 102231, 102191, 102234, 102236, 102203, 102212, 102212, 102217, 102234, 102210, 102245, 102215, 102207, 102210, 102211, 102209, 102212, 102183, 102229, 102198, 102211, 102215, 102183, 102212, 102218, 102207, 102211, 102236, 102191, 102221, 102230, 102238, 102210, 102214, 102205, 102207, 102204, 102200, 102230, 
103282, 103302, 103296, 103300, 103306, 103303, 103291, 103296, 103285, 103293, 103305, 103305, 103305, 103266, 103300, 103301, 103296, 103292, 103289, 103303, 103302, 103302, 103302, 103303, 103286, 103310, 103315, 103309, 103291, 103306, 103313, 103311, 103308, 103292, 103334, 103314, 103271, 103295, 103311, 103332, 103300, 103296, 103287, 103302, 103303, 103282, 103294, 103318, 103300, 103293, 
104374, 104385, 104393, 104388, 104395, 104384, 104365, 104372, 104393, 104377, 104372, 104358, 104379, 104370, 104379, 104392, 104374, 104387, 104362, 104397, 104389, 104409, 104359, 104378, 104343, 104370, 104365, 104374, 104380, 104388, 104389, 104362, 104367, 104359, 104384, 104368, 104404, 104366, 104377, 104389, 104389, 104386, 104361, 104380, 104372, 104385, 104387, 104370, 104381, 104360, 
105451, 105467, 105465, 105464, 105474, 105461, 105442, 105457, 105488, 105456, 105464, 105468, 105458, 105454, 105466, 105454, 105459, 105460, 105458, 105445, 105477, 105452, 105486, 105479, 105443, 105463, 105480, 105471, 105464, 105475, 105468, 105471, 105456, 105484, 105478, 105450, 105452, 105469, 105477, 105442, 105463, 105451, 105456, 105465, 105451, 105457, 105471, 105478, 105464, 105456, 
106530, 106569, 106531, 106541, 106541, 106543, 106556, 106552, 106554, 106546, 106543, 106538, 106547, 106546, 106543, 106540, 106545, 106554, 106553, 106531, 106560, 106565, 106538, 106565, 106556, 106538, 106546, 106557, 106553, 106529, 106555, 106551, 106551, 106533, 106554, 106556, 106545, 106536, 106539, 106549, 106547, 106561, 106528, 106536, 106561, 106543, 106563, 106541, 106547, 106533, 
107635, 107647, 107633, 107632, 107608, 107631, 107640, 107637, 107629, 107632, 107613, 107628, 107617, 107638, 107640, 107647, 107629, 107636, 107628, 107633, 107638, 107627, 107646, 107639, 107637, 107629, 107619, 107639, 107628, 107634, 107632, 107631, 107627, 107615, 107615, 107631, 107626, 107629, 107641, 107625, 107631, 107634, 107636, 107627, 107632, 107653, 107641, 107637, 107624, 107624, 
108722, 108709, 108726, 108721, 108719, 108719, 108722, 108714, 108715, 108715, 108730, 108711, 108727, 108719, 108705, 108710, 108717, 108708, 108718, 108722, 108715, 108716, 108716, 108721, 108705, 108719, 108722, 108716, 108725, 108711, 108714, 108712, 108712, 108715, 108715, 108708, 108740, 108724, 108707, 108714, 108716, 108721, 108719, 108724, 108711, 108716, 108723, 108721, 108722, 108724, 
109801, 109803, 109812, 109810, 109798, 109799, 109800, 109806, 109800, 109812, 109801, 109803, 109806, 109809, 109811, 109797, 109799, 109803, 109804, 109798, 109795, 109795, 109802, 109797, 109798, 109809, 109808, 109802, 109803, 109802, 109806, 109797, 109799, 109798, 109806, 109801, 109796, 109798, 109802, 109807, 109797, 109813, 109805, 109811, 109809, 109797, 109803, 109803, 109794, 109798, 
