130440,129414,132699,132417,130420,131663,133103,129522,131110,129599,129039,131115,129390,132335,132457,131738,131123,129539,130478,129708,131089,128493,130141,129816,135528,128958,131808,130257,130843,129043,132771,130969,130833,133176,132704,132009,132621,129194,131735,129682,130468,132691,133483,131679,127061,130855,130373,131084,132236,133060,129538,130487,132716,133336,129928,130108,132023,130702,133157,134052,131022,131221,129529,128735,130870,130026,132417,130166,130665,129056,132434,132419,129969,130311,129762,134194,130166,131460,132012,133172,127982,133695,131360,131773,132085,133027,129183,132356,132936,130369,128989,130482,129515,126636,131751,130675,130862,131416,130689,129568, 
130945,126055,130635,130003,129942,130950,127418,129222,129411,129856,126991,127271,125604,130688,128446,130141,129377,130835,128235,128153,126142,128698,129476,130470,128957,130602,125000,130702,129820,130351,128525,129928,129085,130787,129098,128557,128321,129978,129985,128356,129795,130562,130565,128321,130842,129498,127459,131125,129533,132604,129287,128630,128847,129027,128786,127291,129997,128660,126864,127091,128265,129132,130073,128037,126279,127883,129127,128453,130924,128758,130473,128713,128947,130668,130179,129844,127746,130345,126870,128156,128874,128869,129663,129683,129633,128402,129884,128987,128745,128288,126509,129573,129704,130641,128193,128385,131109,127670,127770,128637, 
126118,125020,128832,128835,129730,128543,126298,129328,132297,126136,128132,126500,126194,127062,127171,124933,127287,126167,127300,128080,126438,129055,127638,127882,128692,128027,129981,128375,127556,127534,126474,130533,128693,130261,129637,129414,128570,126895,128247,128095,125891,127423,126590,127319,126871,128385,129293,129389,127880,128227,126113,126086,127293,124240,127944,126758,126268,129616,126801,127303,130017,125748,128519,128294,128270,127220,126644,126533,128219,125700,126527,126044,126271,129605,127854,128159,127279,130386,129877,126681,125540,127822,130069,126718,126959,126380,126507,127808,126314,127037,129141,129961,128431,128368,126664,127417,126197,127702,128062,129945, 
123599,126632,127238,126708,124237,129380,123788,123332,126051,126016,129688,129627,126309,124071,126158,128003,126282,127550,126362,124077,129476,124700,124785,126454,124890,126566,125745,125905,125991,123225,125244,126517,125973,125760,126754,125617,127964,125094,126305,125662,130170,126948,126656,127040,127208,125695,125626,124677,125367,126633,125728,125599,128341,124809,128950,125253,124769,125806,127368,125798,125923,127904,127750,124889,124866,129580,124007,124125,125642,128886,123241,127784,127782,125871,123167,123133,127350,123341,123945,125897,125662,125302,125282,126106,123983,127746,126955,123434,125995,125365,125792,123206,123380,126974,125736,125903,127241,125521,125874,123874, 
124737,124591,123966,126308,128917,124558,123659,125622,123705,118847,122041,125093,123180,125067,124854,123460,124757,122745,122330,123593,124291,125407,124228,128631,125768,124901,125167,125377,124064,124878,124157,126496,123486,122474,124429,122579,127256,123921,123225,124155,128517,123977,125029,126533,124835,125532,127692,127453,128438,123422,125178,122707,124799,123312,124269,121669,127303,121922,126066,124495,123575,124829,125218,123769,123037,123777,124531,128507,123823,125481,125072,126791,126330,124444,123463,125904,122976,122812,122269,123179,123502,123430,122156,124050,126271,124533,126675,124032,125483,123649,124373,124735,127989,126794,123674,124204,125896,124324,123893,123764, 
124968,124327,123800,126450,122177,121763,122168,123606,123891,126359,121261,125561,122154,123038,121795,122788,124013,125367,126585,123053,118411,122922,122669,125351,121389,121424,117874,120206,122946,123300,126358,122060,121428,119507,121261,120332,121773,122213,126992,121573,121042,124792,121406,121648,124284,123872,124792,124096,120009,120488,123270,122576,121684,124560,123259,125628,120489,124113,127377,122640,122302,122249,123206,123025,126263,122687,123189,122357,121613,120551,125224,123934,123058,120927,124450,122317,120994,125152,123755,123923,122268,123071,123672,122248,123178,124121,125712,123491,123032,124999,122677,121682,122329,120111,121427,121851,120972,126566,122062,122935, 
120210,121460,122410,122151,119550,118053,120676,117833,121001,117422,121382,119627,121997,123021,123542,124470,120965,116291,118361,117269,121612,119301,120724,122069,123696,121375,120446,124388,119094,120614,120468,118724,120689,120319,118919,118692,122143,117512,121309,120525,124820,120004,121205,121762,125281,123831,120275,119185,119483,121157,124364,121606,120286,120666,119249,117905,120314,120801,120819,122875,119984,120268,124136,118690,123259,122508,120756,119494,120229,118025,121340,123491,121553,121883,124125,117972,122352,120258,121326,119435,122081,117342,121035,118066,122202,117980,118998,121542,119472,123369,123428,118126,120275,121584,122854,120935,122952,122945,120731,118859, 
121904,121161,119988,119120,115884,117847,118682,117771,121945,119754,117932,119668,120116,122139,120916,117380,116962,119782,120094,117520,118472,118819,117334,121339,119992,118343,119013,121722,117309,119985,118847,122093,119225,118781,120907,119694,116778,119261,118962,118801,118767,120212,116709,120321,121918,120833,121515,118389,118794,118288,119543,120377,120444,118172,119407,116344,122624,119069,116304,119984,117721,117200,119065,118132,116372,119703,117977,118574,118407,119150,118543,121994,118055,120672,121060,119916,119345,118143,119716,121060,117960,117386,117700,118985,118556,117478,118420,121977,118769,119744,121052,117482,120815,117040,119578,117007,117787,118234,118645,118324, 
121937,115902,118070,117474,117949,117843,118036,117791,119039,118209,115222,118049,118159,117362,113940,116348,116750,115875,114946,113766,116593,116600,120128,116217,114379,121798,115494,115377,117468,115264,116014,119156,117655,118795,120952,116335,116415,115911,120339,116138,116561,116616,117629,119998,114323,115341,118000,118957,115067,117484,119865,119680,115328,116123,119487,116417,120189,116503,116061,116997,118634,116560,116436,119155,116758,118403,119233,113616,114547,117100,118982,116644,116421,119998,116589,118781,118125,117722,117600,119047,119805,117580,118239,119129,115039,115200,115480,114722,115052,116558,114311,115350,115825,120414,119346,115337,114570,117980,118807,118549, 
115224,115843,113051,114184,113671,112072,110913,111076,114640,116007,113367,115125,117497,114331,115082,116613,119583,113398,113869,115065,117093,115621,113345,114715,114420,119114,113117,117139,114282,119559,117616,114767,115129,112845,115260,113147,113511,117975,118516,116698,113944,115582,117194,111225,116670,112340,114853,113810,114764,113720,113996,112846,113458,113310,112222,117984,115689,113377,115290,111168,117914,112932,116484,116255,116356,112964,112244,114265,114322,112640,114119,116218,115068,115470,113159,114940,113499,115923,115421,113517,115588,116412,112219,114971,112133,112213,113680,119853,117922,116463,114989,113124,112960,114667,118649,118115,112735,113199,118401,116264, 
113553,113206,114110,113095,110060,110998,115320,117908,112478,112835,114299,112511,112926,113808,115190,114010,111147,114189,112504,112248,117939,115261,112727,114325,111061,112240,112115,114391,109970,112297,112652,110877,112462,113645,112775,112738,112213,111964,113045,113185,114099,113254,112513,111645,114734,116405,111102,112889,116329,115515,114898,111972,111541,114785,112681,115219,112789,112733,114506,115138,113378,113479,113847,117263,116128,110676,115424,114254,110786,114972,114127,115356,115787,116515,111322,114438,113025,111625,112586,111613,116849,113462,114121,113540,113797,109422,114077,110481,112717,114265,111097,113824,113703,111958,113193,113781,112198,112733,114779,112191, 
111286,112169,110657,111260,109628,109334,110251,112876,111562,108865,113485,116628,113450,114711,111072,110784,110053,109866,110109,113200,110408,113248,110320,115286,111669,110285,108641,112768,110848,113661,109848,111378,111901,108044,108912,110949,109671,116284,111171,113190,112596,112394,111628,109233,111002,109543,111536,111007,111348,110856,113136,111755,110791,111200,109226,108043,114771,111072,110056,109548,110896,114323,112469,109976,109691,109540,114471,109790,110834,108232,110008,110438,111907,113356,112745,110276,109837,113070,111627,112808,110061,114020,113137,105531,113121,113570,107096,112417,106502,108660,110313,112413,108898,110072,115764,111586,111247,109135,111066,106165, 
110695,108063,107101,108004,110984,111559,111044,105302,107916,108295,108590,105149,107252,110955,105994,108533,108035,112071,110434,107423,108078,107658,110411,109485,107867,109546,107972,107685,110806,111419,106532,113469,107701,110082,111692,108467,109232,108481,109945,108674,112845,109423,108041,112077,107510,111140,112415,109050,110347,109146,106585,108593,111314,107810,106435,106316,111366,107017,110839,109147,111650,106627,105078,109265,107649,112824,108141,108757,112588,108837,106883,109381,111844,110512,107400,109400,111236,109858,110792,109779,106675,109284,107801,111334,108069,107587,110043,108505,110879,108005,107304,109297,105180,109983,113159,107055,109759,110437,107194,104993, 
105240,106846,106973,108192,110520,107321,110120,105161,107425,111313,110366,106320,105194,112058,106967,110487,103872,109442,104198,104336,108387,105472,103259,107122,104371,102683,109169,105051,106862,105929,109804,105845,108568,104466,107250,108728,105586,107675,102517,103525,108858,104776,104790,106598,108803,106981,109005,110179,104037,107540,105846,108352,108881,106890,106189,103491,104577,110023,107808,108963,103648,105913,109794,104739,104202,105205,107611,109562,106726,104712,110363,108107,105539,106795,108640,106547,110336,105902,104486,105715,107574,109827,104685,110840,108248,106448,106264,103306,104288,105007,108295,109125,109805,104678,111126,107419,105801,106630,106596,108771, 
104948,105274,105255,103669,105329,102710,109213,100763,101681,105052,103976,102723,105027,106764,102211,103925,101665,107365,109642,104296,104330,106629,103270,105668,105068,109985,103093,102341,103441,106719,107027,104386,105855,101710,104192,104384,103194,107804,104124,104282,102170,105580,102294,103882,105144,103290,102114,103101,107999,109824,102512,103972,111298,106929,103778,108311,104166,103060,103215,102037,101808,102834,103159,104642,102929,104269,104070,102867,103710,102206,105358,102702,103157,107234,102881,104071,105211,104703,103438,107355,101884,106686,104362,104998,106610,107033,101863,102433,107750,104195,104107,104651,103515,103974,108565,101852,101459,105151,102519,100245, 
102474,101004,101994,104825,102959,99517,102156,100927,102491,100526,101407,102225,103453,99118,97861,107200,101024,100498,101314,102862,100704,101723,101770,102978,105089,104356,102303,103372,104049,102267,103499,100718,102036,104241,102888,101071,102817,98683,100819,100845,101503,99543,100594,99386,102146,103195,104986,104170,99904,103002,107383,101138,101170,104557,101500,102806,100605,102406,105142,101948,100514,104727,107242,98688,102808,103430,102831,99085,98821,101741,102068,101549,101564,100756,101432,103080,99527,102506,101475,102673,99026,101361,103061,103638,103579,104581,103211,105009,103524,101194,99771,102840,99279,103091,103004,104184,98124,100333,100866,101031, 
101497,103914,103869,102137,100052,99608,98962,99060,98606,102053,97901,99398,98138,99373,100844,101373,101070,99668,103551,100000,97697,96699,101655,99046,100388,100004,97814,99274,98699,96564,101392,97744,99306,103305,99872,97609,99174,100404,98705,100386,101840,100614,95986,100228,99638,102143,98314,102589,101186,105668,102964,102371,101830,96198,97022,99812,100275,100339,101634,99715,102665,101796,98289,97442,98130,100902,102486,98339,98315,99291,100352,103865,98477,102445,101715,101420,102170,99917,100121,97282,99039,102137,104063,100917,98422,101181,99698,100482,98958,98869,97527,98601,98830,103188,103301,102199,101661,99560,102192,98992, 
96181,97846,99218,98003,97584,97373,97438,99834,97602,95531,98770,96612,97669,97519,94766,96414,94426,97152,98483,101241,97878,102436,100580,98264,96464,97391,100860,100034,95485,98920,94183,98698,101291,95573,96933,96868,100237,98229,97320,94061,101863,98209,99243,100688,99435,99548,97205,99171,99542,96121,95834,99091,94784,97749,100044,96970,98359,95120,99558,94356,100014,99032,98578,95063,97960,97097,98373,100296,98989,98106,99268,97957,100423,97679,96650,96512,94305,95239,99927,94144,99792,100870,100505,101547,102717,96933,95073,102067,94756,93269,97721,97639,98088,97201,96888,98446,99541,98085,100367,97303, 
98726,98915,99458,94333,98045,94529,91957,95110,95109,95750,94855,93774,93412,92432,94576,95516,95072,94574,91414,98595,95555,94675,93873,94590,95077,97382,97205,95433,98412,94095,99092,98081,96770,97206,95245,96029,98760,95239,93181,97922,93632,96422,95308,91505,92562,95242,96296,96705,94286,95583,95009,95446,93551,94346,95438,98349,92279,94531,97393,94806,95671,92035,97930,95381,98760,92679,92626,96974,93955,92545,94918,96859,96080,95252,94391,96283,97441,97814,94862,99366,98090,102059,95536,93771,95492,95754,96187,94405,95801,96536,91705,97023,94179,93584,96469,95860,96262,98183,95027,93079, 
97566,90921,92579,92033,95328,96617,97325,94564,89369,96490,96667,94224,98941,92458,92691,95764,94126,90036,90926,96060,95142,92687,95804,93098,94140,97561,94844,91550,95588,94642,93867,95722,92910,92432,93553,94325,93239,93426,94356,91654,93126,92364,93583,87551,93253,92023,95124,96725,92317,91634,92337,93115,95642,89982,91535,93334,91436,95086,90457,96510,90577,89832,93366,91003,92374,92366,100124,96572,92751,91755,92050,91333,95388,92362,92177,94849,94101,91701,95807,93665,93084,90556,91823,92831,94141,92809,92675,90246,88374,97224,97041,96320,95220,96128,93530,96968,94529,98747,91924,93534, 
95163,96847,96231,91277,93371,92695,92367,92330,92561,88643,90711,92977,92943,89609,95160,88022,89093,92647,90889,95833,90912,90531,94413,93198,91857,91823,93666,90511,93863,92333,92857,90567,95000,94031,87232,90406,91054,95747,94326,88248,89269,88668,88999,87897,92799,93992,89484,89168,91641,90009,88829,90387,90979,90680,90200,90503,93404,91208,87387,95499,91160,91712,91687,92118,89752,90041,94142,90063,88075,90938,86954,90672,92881,91089,94349,89728,91779,91145,92328,87579,91862,90067,94675,91856,90515,88606,90039,89606,88290,92193,91615,91002,87731,90409,91647,89479,91238,91186,88196,91241, 
8587,85864,89836,87828,90887,83406,84969,86856,86509,91965,89193,86590,89451,90389,92446,89019,91319,85685,87841,87302,87389,90786,87779,87054,88806,85987,85343,89519,89037,90380,87303,86168,90371,89381,88637,91658,89276,86315,87733,92336,88474,91062,89532,90036,90975,85970,89551,90424,89352,86958,90831,88750,85540,85013,93035,89769,88988,83945,87277,89310,92595,87463,87723,90382,86380,89140,90724,90035,88806,86986,88377,85909,89337,92367,88401,89402,87507,88239,86677,89327,89462,89664,92686,86531,91976,87546,88270,88811,86106,90375,90355,90063,95426,85681,87825,90261,93175,87243,87522,85464, 
86208,86946,87806,88099,87384,88765,84374,87348,85888,85557,85689,84436,92900,89709,85486,84104,84784,84637,84781,87853,86130,85514,90627,87743,88849,87304,85065,83820,86438,83589,86220,85518,85330,87561,86410,83892,85393,88961,88691,88867,86186,85059,89147,90127,89970,87781,91756,84096,84032,87234,88118,84999,84272,87410,88270,87666,86849,86879,88986,89449,84903,85591,85369,86357,88554,84729,83794,90155,89402,87782,90182,84214,84386,83754,86023,85156,87242,85633,83937,88493,87327,88211,81130,86255,90192,84986,83218,85760,87166,84416,88979,83479,85197,84195,86175,86871,85982,89544,88418,89730, 
87806,84131,84661,84566,83372,81562,83751,89162,82999,82897,86061,85512,83675,84472,84644,85470,79696,83703,82351,87952,84603,79876,86502,83302,80178,85659,82813,85801,81659,84743,86451,80618,81561,81931,87229,83380,82774,82145,83555,82372,83747,85540,85811,79864,87970,83806,82746,85787,83334,83979,86892,85517,83597,83449,87217,85305,83192,89003,82552,84981,89011,90019,84564,84444,82661,80706,82102,85229,84807,82445,82466,83935,80810,81959,81373,86007,85250,88001,83699,82873,84087,86642,85270,82156,85112,84596,83522,82804,84407,87033,83243,88772,87429,87152,81986,85032,81985,81052,82171,82689, 
80794,84053,82140,79384,82264,84649,87603,83190,83567,82555,81249,86059,83762,79688,82972,84241,83412,82132,83243,79831,80904,80973,82631,81360,79259,80867,82214,85766,84971,79526,84787,80432,79983,84251,84600,79973,82769,82940,78979,79937,85800,85054,81688,82392,81018,81609,82239,81945,85339,82756,81129,81477,82736,84738,82112,81314,86720,84770,83495,79778,80002,84627,81796,82296,83766,81359,83213,80021,81266,82424,86130,78705,83228,85428,83346,79429,81315,83989,79729,79041,84711,80842,80537,79791,84873,80538,86345,86716,78906,78448,85529,86031,82301,82192,83370,81492,79937,80754,81010,81767, 
81079,76422,77375,78766,82220,80439,77634,83995,79744,77469,83323,79336,81326,81310,80601,77741,82217,80901,81122,79164,77135,79915,77929,80886,82727,83379,77441,80218,78065,79847,83832,83277,82880,79988,79776,83410,78117,77982,81077,78285,81730,82740,80998,83244,77413,79284,82075,77093,81219,79589,78600,80805,80642,80757,82618,78055,79310,76204,80328,81970,75937,78854,82834,79697,75802,81651,78509,78820,82441,80813,81357,80210,85292,80428,80205,80058,80303,83409,74945,79459,77464,78381,78419,80430,78738,79097,79886,78692,77569,77886,75160,78232,80742,78509,84237,79473,80863,80890,82681,82402, 
75840,76750,74461,75039,79056,79661,79344,81013,77345,76004,75208,76297,75061,78013,83746,75913,79979,78262,78662,79086,82086,74871,82532,81405,79109,75261,77391,75438,79487,77482,76493,76738,82277,79481,79072,76475,73462,75344,78206,75344,80200,76830,77143,80856,76490,79525,78064,83866,75775,77845,76660,75235,79488,78204,77165,75488,80290,78912,80165,76527,72830,75499,82508,76394,77895,79273,73368,78855,78833,78114,79423,79845,80573,77682,80759,78397,75035,75939,76954,78386,83224,77893,76298,75987,79918,77873,78816,78445,76014,78650,81507,81190,78527,78997,77485,79253,76671,75968,76534,78412, 
76392,77075,70410,77005,75213,78199,75212,76901,75379,75232,78048,72991,77269,73956,74573,73809,76673,75493,76632,75397,74871,73292,78150,74358,75615,77108,76493,75010,78399,76153,73574,74737,74262,75710,72864,77474,75760,76849,74482,73094,74771,74877,71466,74299,76308,75953,77815,77711,74249,76746,75389,75878,75561,77076,79901,73859,74509,73065,73071,74241,72356,76825,76549,76165,75251,77611,76058,73562,73638,74293,76249,78985,78140,76276,74698,79580,74559,76388,76195,77690,72665,73289,73955,76942,73286,78175,77200,73353,77553,77443,75707,75153,75454,74370,74056,77895,74750,74369,78312,73868, 
76939,70941,71512,72443,71324,73267,74870,73397,72550,73546,72092,73978,73952,70824,68896,73469,70495,74361,72146,71606,73584,73080,72077,77249,68875,74513,73022,74391,72300,69152,75075,73180,71098,71934,68993,73638,73125,74817,71434,76593,71817,73355,70480,71236,72266,74088,73616,73777,72036,72432,75321,71130,73040,72583,71297,72212,71276,75901,73395,72850,71162,76855,72758,76655,74931,72612,71753,76480,74401,70635,73896,76563,73254,75915,76848,71564,73674,72248,70289,70937,69343,68747,75761,77043,73056,73150,70575,74085,73560,70228,72463,71430,77049,73946,73957,73184,71440,72444,75344,74546, 
72833,71941,74697,71656,73421,72302,69148,74481,70816,71844,71670,75551,66294,67808,66921,69835,72563,69786,69403,72706,69694,72655,72059,68336,69847,73579,66923,73406,72248,72885,69866,70239,67520,69356,75792,69837,73912,69099,68405,69491,71630,72393,68267,71517,74523,68460,69599,69886,75278,72337,69855,74666,71974,71908,71013,68888,72174,67473,68960,71952,69493,69379,75448,69147,69155,71734,73013,70876,69909,74114,75479,73337,72913,69232,69883,73751,71358,71003,71977,71862,69138,68231,68183,72259,72104,68811,70788,68315,69589,74964,70532,71242,71600,72729,69464,65960,75251,70560,69638,73898, 
68836,70078,67621,68928,69091,69378,70515,72659,66294,69870,71208,68282,69755,69150,66398,68858,68829,69170,68179,69755,67702,70208,69388,68958,71311,68419,67513,69786,69618,69759,68061,69459,70563,69140,71524,68830,68070,67796,65647,71553,71829,66936,69180,71796,72533,72544,68002,66197,72291,75147,65911,69127,72208,72881,67545,67175,66936,66384,72210,70200,70643,68234,68599,72337,70393,65398,68195,74224,67971,69226,68697,67780,67682,68130,67567,67459,72992,66769,70418,67582,69685,68270,68164,67637,67476,67310,68117,67737,71357,69938,72635,65891,69607,68703,69540,67627,69722,70265,72214,71057, 
66595,64199,70710,66104,65648,69690,71802,66391,62534,63716,67528,63989,67344,66500,65315,64864,65697,66347,68084,63752,66404,67847,64749,65908,71016,66818,65692,65800,69676,68278,65708,64892,67701,67882,70857,63503,68312,66772,70324,69090,69351,68458,66953,66137,64783,67165,67468,66628,69448,65164,70000,65803,63717,66818,64986,67826,65038,64823,66651,67899,65558,67744,67620,64500,65985,64082,68032,63932,66349,66369,71272,68881,64643,66651,64008,65888,68462,70159,65782,64593,66635,68373,65923,69885,65152,66667,70482,70941,66890,67067,64261,64271,63970,67018,66409,69223,63459,68090,65852,66472, 
68497,67132,64042,66730,66419,69009,67965,64414,62807,62190,66214,64900,62946,66272,64402,63033,64464,67402,62139,65640,66639,66818,64877,65973,62995,66170,64844,60663,64895,65249,66014,62893,65338,65859,64602,64469,64711,64247,66453,67532,64892,66055,62656,66722,61761,63874,63435,65819,63915,65068,65613,68372,64300,66639,63650,62959,65548,62124,65236,64139,65225,61605,65823,62355,62910,69099,67691,66773,66844,65314,63989,62701,65202,64857,64146,64045,64000,66085,65190,66194,62751,63497,62624,66038,65234,66263,68709,67719,62654,63043,66609,60679,66058,61062,66969,65533,70473,62923,67348,64060, 
62248,61440,62084,62997,66242,62551,60639,60970,58887,61378,65819,61281,64189,64133,63370,62815,62002,64211,65053,61095,60297,63570,66060,59156,61001,65183,65211,60801,61697,63137,65823,61746,61325,63635,61793,62574,62925,63551,59668,61022,63315,62846,64132,65322,67317,63007,64363,61506,64472,67891,65394,61541,64014,61633,61600,62965,64015,65335,65258,66444,64069,62872,61934,65493,60199,63742,61572,62498,66302,60328,59851,62216,63107,61737,59937,67053,61338,61563,63303,62445,63348,61164,63832,60821,60288,62245,64374,62668,60506,61578,62941,62623,62199,63472,63539,63414,61341,61224,63844,62955, 
59713,61980,61613,59528,61812,62152,60608,65628,58922,58568,60715,60316,59194,63102,62267,62435,59995,58344,61015,62017,63518,59969,60705,63970,61348,61546,59830,58625,62153,59949,58953,61264,60538,63055,60094,61026,64109,64383,62415,59885,62002,63209,59921,60902,62857,63675,60833,63015,56564,58265,60364,58989,62318,60471,62706,60789,59836,65571,60552,63218,58960,60046,58702,60130,58305,58089,57680,60461,59845,57752,61340,61454,63489,63603,61873,60787,59120,61143,65154,66425,60130,60015,61301,58625,59461,61782,61751,65567,57631,60054,61100,62004,59966,62292,59407,57462,62347,59343,58010,58788, 
62033,62615,58521,60774,59614,58083,58740,62704,58997,58209,58742,58087,60649,59005,61749,57863,59757,58706,61343,58652,59654,60951,61039,58852,59433,58815,57589,57344,54983,60025,59108,57990,58625,60206,61490,56275,57626,55251,64860,59769,58069,58910,58334,58138,58513,60778,59322,56410,59049,61315,58307,59936,57029,58201,58577,58689,58916,60430,57080,60100,60753,56221,60907,60427,59998,61427,57726,62838,57526,58882,56433,57626,58850,64360,60925,57195,60437,59942,57743,59836,57658,54561,58448,59894,56983,61701,59491,58688,59561,58482,61057,58565,57489,56492,57989,58673,59788,59135,58626,62082, 
54881,52256,56387,59351,57824,59767,58143,58225,56820,58909,58980,56331,59636,57813,61551,55838,58082,57732,54426,53127,56712,58163,58672,55225,55216,55547,53938,58712,58373,53260,55323,55120,57849,56553,59243,54224,56301,60231,57830,56650,58605,56359,60330,55410,60856,54541,52278,56967,58544,54556,58848,54243,57842,55401,52878,58891,53341,56089,56053,60999,58159,60094,57139,60078,58853,59415,58814,60546,60493,56801,58325,59481,59319,60620,54124,54848,54402,55440,55881,54408,57344,57050,57702,56433,57951,56331,55811,56576,58387,56769,54374,56175,54087,56670,56410,54431,56862,56570,55230,57384, 
58533,53905,53684,56754,55206,55333,56812,55760,54087,52350,52838,54264,55080,53771,53797,53151,56825,56655,54812,53647,53214,57058,55811,50680,56549,52710,55574,53912,58727,51384,54422,54135,54139,57039,53822,55241,55013,53907,53346,57344,53563,52378,53165,54092,55265,55434,54871,52545,55813,54902,55530,56119,53906,56106,58208,57557,54578,55487,56500,55185,55367,55221,53641,54809,54094,53396,54986,57826,52818,55183,52192,55252,54937,56334,54377,53783,54169,55484,57428,55400,56687,57245,56438,54910,54824,57127,54391,52231,53009,56399,52972,56225,53920,54666,53299,55848,57211,53926,57488,50915, 
51413,57045,53109,54827,54221,57296,55746,51306,51289,55020,56083,51844,53386,52450,53019,51296,52496,54011,55751,53154,54400,52780,54106,54481,55155,50095,54290,52905,52439,52768,52186,56610,55104,54153,52532,52222,56836,52548,55156,50346,59322,54385,50440,52927,53145,53234,52068,55315,56784,54972,55106,49701,53517,52190,53669,51039,54440,51861,55471,55509,52276,50211,56397,54927,51685,52521,52621,53680,53070,57429,53338,54801,53872,51298,54637,51610,54244,51477,49870,55465,51247,51930,52394,50962,52729,51149,53508,52745,55455,52475,53428,56044,53110,56719,52622,54629,52179,54973,51604,54777, 
51735,51199,55080,51583,52114,51203,52543,49048,49985,53046,50969,50880,51701,50743,53026,50640,52791,53580,49601,51987,51204,51920,52587,51354,53107,49789,52791,49603,53248,53003,52583,53583,54729,54036,53255,50058,50554,49753,47969,50494,53340,50855,50264,51950,51701,50488,51219,53586,53915,49954,52310,50280,52673,48045,50827,50948,48735,50908,51328,50460,46767,48511,51064,51233,54748,51454,53067,51529,48026,53640,52526,50393,51466,52265,54044,51420,51234,51825,51673,50544,50731,51418,51473,50337,49693,53092,54363,50400,50763,52090,49795,49534,52068,50433,51686,48927,51635,49496,51573,51286, 
49844,47606,53688,49649,49340,49330,50977,46457,48140,49018,50896,51473,48633,48676,47305,50672,51943,49004,48901,50000,48932,48983,51381,48547,48619,53517,49179,51368,49622,50117,52658,51036,49922,51162,51431,48426,50900,49269,51810,53348,51772,51460,50873,49936,50774,50296,49972,51916,48265,49519,50315,50866,50786,48731,51699,49420,48465,48491,52487,49277,50672,47538,50568,48403,51172,49691,48554,48886,50379,52569,51271,51762,51836,51649,52544,51976,50201,50919,52470,48871,47736,48862,48945,49740,52893,51796,50763,49663,49413,47558,51143,49408,49493,50398,48711,48606,49368,48880,47494,50424, 
48662,50577,51010,51199,48972,47718,50023,46901,50455,46307,46131,49883,47939,51275,47002,50299,47925,51873,47258,46761,50574,48676,49064,47314,48484,48183,48429,47520,51377,47719,45916,47318,50199,46025,46538,48510,46528,47187,49527,50829,47564,48279,47289,48956,46291,47579,52674,47008,51558,47442,49055,46940,45701,48023,49258,47442,50813,50303,47170,49157,52569,48173,48317,49955,48235,47432,46474,48815,46593,49234,47301,49960,51072,46799,47376,51676,50927,49452,47767,51379,53391,49661,46138,47368,49081,47184,45031,45467,46436,47904,49894,47026,47070,49491,50163,51332,46520,46695,47440,49237, 
47121,46367,47180,46396,48566,46001,48085,47431,44950,49819,47827,45042,43998,46228,43893,46224,46328,43508,46382,47180,47899,47487,47195,45378,47256,46110,49429,46909,46436,45651,45637,44376,45600,45884,47078,44985,44861,43966,44825,50251,46455,46542,45579,46348,48870,48366,44293,49239,44863,47829,50855,47285,45195,47672,43719,49308,43877,47424,48732,46239,46470,47976,46519,43166,47011,46944,49547,45506,44953,47549,45386,50756,48425,44496,46738,43701,43415,48874,44536,47113,46285,46453,47888,48680,45780,46521,45678,46279,48532,45120,45820,43928,46498,47052,48733,46348,48084,47639,46229,44509, 
46165,46137,46291,43695,43583,48305,44025,43282,45590,45635,43827,44965,44555,45434,45223,47113,43709,45736,49067,45896,40753,40996,44318,45831,45479,46544,46234,45720,46490,47462,45498,43713,45203,46697,45424,45648,47019,46084,43083,45027,48660,44138,45093,44368,42404,44109,44487,46010,43735,43016,47112,46565,45987,46643,44471,45771,44567,43906,43080,45988,45185,45850,46988,42938,45285,46547,46959,46759,45555,44469,45307,44231,43683,43024,45005,44073,44115,44135,43652,43955,44868,44211,44713,45091,41924,44727,42596,43517,48019,47507,46428,46749,45423,48484,44353,43508,45565,45350,47778,43620, 
42682,46136,44886,43110,43741,41875,43046,43337,44129,42344,41941,43312,46626,46248,42891,43956,44409,44027,45029,41349,42838,45466,43553,44672,45387,45988,44150,43278,44423,41451,42315,41727,43599,45783,42562,44286,43743,41415,43292,45112,45072,44927,44065,48738,42309,43533,41013,40764,41554,44622,42194,45783,46055,44527,40032,45747,40213,42449,42800,44323,44546,45008,45469,41958,44265,44058,43895,44440,43864,43653,43294,44679,44792,43124,43139,41669,42742,43035,40165,43539,43637,44123,42094,46162,43872,43478,45470,42853,44218,42988,44922,42034,44240,41723,44704,46190,46478,43812,43432,42803, 
41419,43916,41118,41873,41791,43971,45235,43414,42069,44416,41724,40053,42752,39907,42059,42098,41303,41460,40794,44157,40530,41486,42882,42397,40744,41465,41215,41478,45719,42602,42056,43258,41367,40908,40822,43194,43194,41253,40389,42909,42138,41597,45284,42669,42748,44677,41433,45265,41934,40465,41842,42384,43141,42228,41064,40329,41594,41040,45573,45264,42548,43066,42247,37779,43790,42627,42710,42804,43436,42341,41538,42789,43714,43929,43675,42852,42358,38851,40107,44271,39191,40258,40294,42086,43672,39577,41962,43926,41210,41732,40905,42345,39588,42104,40041,42519,41257,40830,38756,42536, 
40651,40240,42849,41305,42274,39926,42108,39850,40642,38792,40067,39824,41148,38857,42863,40653,40204,40462,40415,38858,41404,41787,38609,40906,42159,42151,40777,42544,43018,39130,40505,39379,41367,42033,43907,41247,38110,38294,38165,38960,41713,42424,40312,39728,40937,41868,40349,40836,38498,41583,40916,37542,40654,38751,37579,41882,42655,37503,42055,40712,43027,40135,42127,42022,44259,40378,41816,40504,39614,41547,40969,44621,40752,40384,41549,39881,40385,40192,41285,42058,41160,42488,40718,39695,40661,42615,39973,44714,38976,41638,40602,38545,43863,42931,39502,40630,40483,42767,41233,43691, 
38602,38423,37684,39737,39733,40495,41094,41942,38954,38291,41026,39045,40230,38953,38302,36645,38363,40043,39741,38139,42772,37479,40028,39721,40780,38051,38408,38577,39180,38846,39226,38783,38796,41816,37534,40470,39935,41625,39495,39434,39504,39056,36987,38734,42408,38482,40565,42443,38245,40204,37461,39916,41009,40867,41664,40733,39718,38766,36239,40501,37605,39924,38281,39105,37700,40727,38240,38307,38547,38666,38810,39442,40795,37481,39059,37709,39057,38854,37465,38211,39564,38962,39092,37790,38538,39124,40957,37842,42062,39179,40851,39756,37756,38813,39772,37247,40254,36772,37859,38767, 
35538,37771,38507,37866,37656,37486,37852,40875,37157,37652,37535,37477,35342,40149,36124,36725,37901,38345,37935,36978,40281,38935,39311,38485,37059,38094,36620,37196,39987,36297,36968,40080,36582,39929,38111,38515,39474,39753,36417,37630,35995,36084,36704,38504,36319,37487,41089,37314,35685,38860,38779,37476,39662,36437,37110,38265,37754,37711,41328,36298,36189,37596,37021,38798,34137,39307,37211,40869,37780,36677,40299,36912,38638,40964,37196,38622,36594,38159,36595,36860,38039,37655,38644,34958,37435,35902,38540,38597,37995,40356,36864,37756,40542,36337,40611,38510,37679,38205,41865,37957, 
36328,36783,36288,37861,33723,35240,38237,38693,38728,38881,37116,36456,33731,36198,36529,38875,37067,34915,35499,35977,36612,38663,37264,36397,38257,36262,34479,37498,36901,37127,37638,35751,35215,36763,34886,37670,36128,37923,36161,36688,37563,36246,36127,35340,35968,36452,36655,35282,34878,37602,36184,36379,37056,37364,36466,37575,39549,35052,36078,36514,37557,37053,39040,35504,32007,35466,34650,34326,36117,39535,34981,35476,35331,38017,35863,37633,35885,38395,38269,39260,35416,36964,36213,38246,38811,35860,36607,35391,37568,37462,37275,36058,36516,37005,36960,35238,36994,35032,37641,35333, 
35625,37250,38149,35938,36284,33042,34914,35144,33934,35980,33560,37217,34405,34459,35626,36746,35721,33096,34785,35800,35608,37403,34687,33495,35447,35498,36505,34764,34603,35177,34303,36261,36547,35174,34559,33115,36386,35302,33709,37551,35602,33507,36431,36009,34054,34934,35190,34902,35491,34465,35081,36096,33567,34106,34588,36779,35623,38020,36212,34117,37529,35584,36104,35690,35351,37024,35881,34032,36897,35794,35241,34473,35292,35783,35712,36083,35822,34568,35597,36558,35895,36363,36830,31385,34650,33549,32413,36140,35151,33564,37353,36365,34887,35820,34166,35727,37301,35404,34399,36433, 
34037,34352,33917,34681,34716,33978,34603,33229,32644,34218,33565,32676,35775,37206,34362,32829,35379,34645,34678,34472,34485,34825,33595,35136,33293,36361,32928,34861,33206,35242,35683,33273,33566,33513,33193,34176,37325,35102,34799,34197,34791,33005,34007,33037,33608,35384,33527,34040,32808,33053,33265,35112,34669,35660,35356,33568,32783,32519,31341,35836,34816,33619,32767,34292,35482,35020,32651,34522,34147,35233,32985,34472,33260,31941,32850,33797,34495,35887,35025,36208,33783,33660,34984,33494,32233,33215,33059,34238,32959,34112,34946,35143,33996,32863,34570,33909,33602,34269,35174,32631, 
33218,33118,32323,36057,35655,31810,31049,33811,32910,33849,31129,34601,31767,31452,33756,33174,34150,33756,32456,33006,33438,32295,32635,34453,32108,31348,34223,32817,33918,34098,33037,35036,32480,32494,33472,33945,30619,31762,31091,31772,32951,32066,32781,34794,33584,34050,33615,33919,33078,32721,33597,32252,32553,31610,33085,31594,31688,32407,35194,32099,33408,31002,32695,32622,33018,34257,34849,35171,34483,31998,32654,33499,31759,31413,33333,35647,32458,35438,35902,32512,33654,33727,30562,33701,33350,33212,33279,32464,33093,34754,32524,34461,32928,34181,31740,35493,29358,32724,33265,32305, 
31346,33429,31559,31078,31299,31384,31604,32021,32191,31565,32030,31967,31815,34309,32846,32213,31488,31451,31083,30788,33646,31440,31149,30446,33286,32443,31595,30622,32636,32424,33116,31928,32719,31174,31047,32230,32962,29819,30900,34222,30816,33088,30473,31841,31559,31943,33789,34699,32042,30303,31854,33157,31549,33149,30874,28893,31265,31478,31955,34581,32300,33652,31534,32778,31829,31543,32083,31592,30037,30682,31728,30648,33023,31310,32260,33007,30809,33697,31004,31712,34047,33154,32450,31799,30375,31780,31483,30732,31644,31363,29908,32076,32513,30034,31981,33926,32060,32272,30630,34398, 
29848,31715,32066,30940,30599,32304,31158,30571,32220,30275,31408,31581,31164,31537,34320,33083,31351,32385,32033,30546,31892,31993,31727,29906,29233,31798,33266,32367,30084,29671,30823,29863,31234,29421,29937,30371,31355,30602,33078,29483,31069,30555,33397,30287,32888,30305,32056,30995,32608,30971,28867,32985,31907,30424,28958,29694,31448,30526,31717,30386,29734,31061,32205,30540,29730,31890,30562,31632,31064,31099,32548,30943,31566,29871,32278,30669,29476,32274,29821,31637,30712,29844,31191,30887,29906,32065,29621,30887,30254,33266,29561,32225,30950,30756,32920,30011,31150,30293,30708,29440, 
30812,29329,28564,29767,30526,28799,29704,29716,29587,30886,30298,30110,30327,27966,30218,30087,28644,28216,29937,30157,31875,30244,29612,29618,29553,31241,28142,29451,32377,29496,31404,29152,28940,30491,31689,29452,31384,29648,29800,32299,29497,29355,28891,31474,31110,30671,30664,28488,29518,30240,29029,29336,30201,29884,28771,30878,29040,31950,30038,29500,30559,29870,30845,30022,29301,27691,29343,30446,29444,29613,31645,29862,30785,31564,30841,29049,28420,29781,30036,29389,28703,29275,31367,30176,27361,28799,28632,30695,29504,28617,29893,28856,28808,29166,28978,30941,29073,29517,31106,28933, 
28137,28046,29748,28411,30658,29404,30061,29719,28336,29376,27904,29862,30219,28895,27657,30031,29991,31268,29033,29676,30748,31297,29038,29038,28584,30217,28007,30168,29000,28060,28488,28444,28254,28984,27641,27821,27314,30529,28465,29080,28834,30744,28293,28020,27534,28056,30151,28282,31296,28210,28340,29605,27124,29703,30202,28150,29924,30342,29081,28408,28451,27946,28734,26979,29695,28451,27978,29686,29038,28565,27989,30973,28406,28964,26682,28562,29013,28912,30263,27746,28309,29666,29743,30205,29446,28069,28407,30034,28258,29432,30642,26376,26882,28399,28724,29528,27932,27878,30980,29088, 
28000,25643,26777,27786,26598,27437,26918,27647,26856,28585,26507,27289,27985,27870,28083,28577,25226,28419,27215,29286,28681,25808,28838,28289,26882,27787,28535,29588,28074,27968,26808,26305,26653,27650,27701,28859,27210,27337,28339,29042,28217,28097,28763,27091,26955,27875,26848,27392,26977,28134,28716,29741,28634,28730,28540,28065,28587,27776,28152,28501,27782,26944,25921,28098,27118,28049,27705,27655,28025,27792,28257,27534,28359,26674,29364,27472,28670,26272,26560,26573,28569,27422,28312,28965,27739,27052,27968,27880,28984,26431,28263,27195,27543,28475,26564,28130,29575,28193,28810,27241, 
26696,28185,26967,26092,27210,28394,27263,26445,25836,28014,27199,27126,26714,26972,27041,25481,27431,27909,25301,25841,27146,26532,26836,26430,25427,25452,27390,26328,25765,28067,27236,26358,27251,26952,26484,28570,28587,25602,26405,27500,28060,28701,28611,27050,25886,27276,27012,26629,27618,27033,28027,26863,28797,26726,26369,27384,27298,26600,25902,25994,26624,28334,27968,27009,26623,27740,28499,26606,26142,28389,28340,27247,27012,27820,27051,29793,27453,26039,25900,26563,26419,27825,27247,26997,27649,25986,27262,28379,26618,25287,26709,28489,25703,25789,26606,24701,29359,25527,24021,27340, 
26085,24855,25518,24900,26893,25647,27219,27112,25307,25068,25562,24852,25919,28261,26011,25486,24019,26603,27782,26647,24946,26300,26906,26732,24631,25970,26701,25613,26322,24881,26297,25317,26497,24405,25570,25405,25367,25226,27056,26697,24994,26107,26738,25703,28629,26095,24986,24057,25195,26979,24578,25852,26026,27686,25432,27802,26210,25550,26060,27014,25046,26356,26283,26055,24519,27407,25331,23326,25962,27039,26381,24445,26315,26008,24124,25534,25948,26508,26741,26923,25806,26898,26285,24929,25474,25898,27419,24922,27907,24199,25968,26218,24525,26550,25512,25208,25640,26434,25994,26162, 
26006,24650,26060,26007,26484,23819,26997,24852,25138,27007,24487,25464,24417,24698,23417,26971,24406,25267,25540,25207,23418,23877,25670,24945,25288,25077,25975,25455,28343,23656,27794,26757,23920,25871,26094,25114,24527,25028,25246,24210,25410,26158,26398,24848,24770,26243,23964,24944,26316,26091,24400,25757,25924,23724,24765,26095,25067,24539,26254,25316,25431,25288,24030,25810,24116,26564,24796,25093,25587,23934,25828,24179,26737,24293,26685,24738,25253,25744,24321,25284,24246,25391,24743,26450,24530,23853,25068,25272,25116,24285,25949,24638,26159,23989,24683,24833,24440,23803,24350,23910, 
25534,24668,22508,25463,25225,24544,24353,24675,24288,25009,22791,24366,25814,25581,25949,23842,23234,23433,24423,25739,27431,24635,25062,24819,23329,24023,24950,25454,24279,24135,24030,24469,25590,24083,24435,24830,23177,24545,24328,24842,24642,24441,25920,24273,23402,23527,24702,24434,23812,24780,25392,26560,24215,24149,23263,24724,23566,24848,25493,24041,26486,23662,25352,23655,24927,23827,24817,24089,23628,22756,25299,25061,25994,23266,25019,23500,23484,24053,24538,23996,24846,24887,24269,25025,24690,23429,24624,24385,24461,22270,24620,23204,22904,23840,24645,23893,24502,24113,24758,24298, 
25504,22583,22415,23266,24067,23950,24036,23617,22978,24241,22558,23323,23374,22611,23212,22532,24644,23161,23580,24258,24124,23309,24068,25818,22169,24262,24560,24220,23073,23165,24606,24411,22474,23832,23737,22991,23599,23377,23059,23401,23525,23848,24523,23316,23664,24494,24123,24387,23775,23728,23103,24356,23786,23479,25190,22306,23025,23159,23341,23378,24390,25015,23386,22810,22694,24160,23449,24401,24680,23335,24612,22207,23617,23777,23481,23232,23466,23398,24168,21871,23632,23238,23415,23328,23484,26131,23767,23636,22894,24306,24315,24623,23213,23374,25096,23129,23212,24929,23434,22319, 
23177,23488,21839,21747,24413,22503,22696,22735,25252,22263,22638,22896,21406,24272,21984,20827,24965,22598,22622,24487,22990,22000,21966,23096,22148,21410,22409,21377,22381,22455,22322,23150,22454,22506,22563,22207,22308,22966,21495,22412,23337,23696,23696,23054,23114,23170,21613,22371,21792,21040,22338,23415,23048,22098,23424,24834,23197,22310,22605,21835,22627,21429,22130,21567,24305,23134,23913,22746,22488,22076,22479,24276,22872,24265,22339,23304,22273,23065,22285,23007,25433,22940,22288,21816,22695,23539,23028,23255,23417,22868,22602,23581,22748,21983,21125,23307,21300,22050,22939,21644, 
22311,23246,22113,22062,22825,21605,22057,21434,21427,22823,22417,21070,21979,22253,21090,20893,22649,21294,20873,23205,21268,21889,22460,22155,22773,22052,22702,21394,22675,22626,22820,21819,21937,20616,22093,21839,21420,20738,20898,21356,23082,22825,22010,20978,23000,21057,21648,21930,22257,23271,21498,21454,21638,21223,20563,23248,22604,22087,23063,22827,22342,22382,21340,22924,23153,22346,21534,22031,23945,21696,21446,21531,21911,24020,24003,22058,22989,21293,22331,22775,23314,21201,21035,22286,20835,21614,22072,23189,22207,24001,23469,22458,22487,22045,21647,21897,22027,20956,21104,22507, 
22133,21148,21884,20639,21800,21686,20786,20860,21324,21032,19734,20441,20549,22383,21947,22883,22365,20234,20637,21208,22160,21442,22500,21572,21409,19285,21419,20142,21905,21918,21836,21164,22250,21945,21261,21952,20668,21630,21256,21435,23557,21548,21301,20671,19566,20512,22342,22405,20814,20470,21844,22333,21052,21116,23309,22711,20779,20744,20993,21958,21436,21011,19628,21697,22446,21564,20283,20734,21490,19846,22848,21187,21645,20870,21113,19193,21291,21055,21622,22098,21226,21594,21489,22208,22101,19916,21123,21931,22697,21888,22096,20005,20751,22390,21779,20687,21769,20774,19602,20138, 
20853,22027,20526,20265,20943,20448,21085,20814,21453,21691,19513,21008,20690,20195,22021,20310,22027,20777,20383,21998,20933,20838,20827,21295,19784,20849,21360,19749,21877,21737,20504,19335,21054,20528,21897,21090,20702,20653,20638,20234,20298,20885,20906,20046,20354,20641,20754,21080,22265,21546,19555,19637,20101,21390,20003,20275,21479,20535,21186,21616,19563,20276,22316,18831,19877,21136,20903,21452,19800,19918,19727,21027,21202,20555,19259,20344,20403,21103,19511,18729,20416,20828,20180,19542,21214,22063,20546,20675,21986,21419,21119,20999,20615,20301,21125,20509,20222,20593,21344,19971, 
20640,20223,19760,18280,19975,20291,20284,19812,20496,20823,19796,19009,20455,19936,20056,19920,19279,21257,18572,20269,20059,20402,19915,20270,19754,19699,20346,18956,19521,19441,19929,21081,20125,19945,19499,19795,19957,20155,20311,19542,19818,21074,20560,19437,20480,20031,19260,19009,20274,20792,20571,19656,20254,21322,21091,20216,20931,19626,19618,19024,19487,20551,18621,18824,20439,20471,20724,20295,20324,19200,19168,19817,19913,19783,19737,19954,18820,19980,20996,20781,20553,20558,18548,20731,20882,20242,20539,19776,20149,19484,18505,20350,19535,20655,19014,19321,21172,19845,18526,19807, 
19315,18264,19260,19972,19964,17909,19325,19644,19537,19037,20470,19861,20462,20016,19977,18961,18087,20701,19669,17867,20035,20084,19918,19729,20287,20265,19051,19222,19913,19029,19652,20425,18181,18517,19020,19752,19385,18221,19875,19362,19540,19237,18920,20558,18257,19352,18388,19380,18211,19581,19952,19530,17806,19294,18878,19737,19364,18906,20192,18554,19314,19054,18390,18667,19332,19600,19440,19440,18794,20450,20232,18044,19111,20441,18823,19240,18453,18920,19807,19325,18730,19774,19537,18623,19905,19201,19692,18721,19318,21064,19227,19887,20933,17913,18829,19964,20665,19810,18571,18736, 
18945,19246,18562,19704,17595,18698,17883,18180,18726,18435,18776,19252,19582,17895,19392,18097,17975,17773,18442,19514,17837,17980,20079,18392,18327,18320,18228,18497,18660,19545,17961,18516,19331,18368,19018,19070,18640,19756,19148,18527,17812,19540,19755,18285,17981,19014,20014,19601,18945,19383,18553,17974,19043,17997,18027,18690,18472,18374,19260,18962,19586,19485,18556,18181,17914,18920,17670,19337,18165,19268,18049,17785,19577,18050,17771,19299,18552,18653,18080,19796,18335,18358,17899,18325,18531,17607,19367,18997,19029,19229,17990,18816,18160,17747,18826,18605,18374,17745,19300,19833, 
18473,17424,18581,17472,18516,18697,19509,18325,18438,18878,18877,18282,17915,18432,18748,18672,18199,19030,17987,17601,16785,17675,17967,17968,17677,19519,18262,18169,17718,17835,17729,18697,17469,19260,17777,18034,17843,18271,18488,18949,18942,18358,18375,18426,18552,18385,17636,17354,17456,18534,18139,17595,19823,18866,19528,17261,18272,17697,18075,18774,17857,18975,18822,18047,17263,18973,18340,18150,17049,17714,18379,17876,18449,18550,19133,18598,17590,18154,17467,18563,19046,18951,17503,17469,18446,18745,17580,17880,17930,17718,17770,19620,17976,18943,18629,17498,18229,18316,17261,19453, 
17640,17988,17538,16780,17590,17609,18116,17635,16232,18117,17529,17757,17787,18763,17766,17955,16570,16369,18259,18223,17666,18642,17716,16466,17014,17081,17641,17817,18142,18094,17152,17221,17659,17420,16163,17581,16953,17316,18282,17009,16612,17176,17343,18000,17774,17431,17924,18194,17879,17051,17351,18409,17827,16605,18549,18525,17554,18114,16498,18046,17426,17593,17858,17357,17538,18113,16981,18089,17057,18221,18041,18339,16695,18449,17569,17561,16673,17803,18404,18448,17221,18172,17296,17261,17174,17475,18069,18805,18190,17894,17983,18126,18095,18845,17861,17222,17805,16528,18327,17753, 
17017,17630,17133,17604,16931,16471,16536,17386,17291,17716,15952,17385,16424,17750,15776,16959,16041,16713,16661,16634,17531,17923,15622,16965,17386,18389,16908,17818,16532,16864,16906,16633,16949,17932,17773,16878,16868,15665,17465,18286,17227,16946,17087,18059,16866,17642,18322,17279,18255,17166,16551,17256,17576,17075,16305,15219,16570,17691,17251,16702,17855,17710,17777,17819,16621,17524,15974,18278,16897,17066,16351,17802,17083,17073,15706,17000,17036,17380,15524,17038,16590,18329,17834,16871,17438,16854,16205,17693,18083,17252,16494,17045,17080,17589,17713,17547,18562,17021,16846,17901, 
16750,16453,15588,16849,15863,17428,16108,16101,16400,16394,16010,17325,16555,16630,15596,17337,16262,16562,16855,16366,16511,17534,16985,16619,16864,15965,15418,16286,16878,16314,16897,17367,16849,16730,16513,16340,16130,16716,17290,16849,18233,18024,16557,15636,16929,15538,17583,15761,16308,16614,16776,17692,16138,16616,16336,16090,15970,16732,16436,16827,16553,17253,15591,15961,17701,16186,16649,16981,16936,17060,18047,16894,16536,15739,16712,15895,16258,15947,15969,16445,16355,17034,16200,16660,16938,16504,16868,17694,15704,16763,16172,17213,16433,16871,15965,16995,15876,16484,16405,17045, 
15622,15967,16022,15469,16700,15760,16451,16216,16505,17068,15786,15608,15332,15596,17101,15197,16701,16910,16740,16576,16363,16629,16903,15339,16230,16679,16159,15676,15885,15392,16159,16199,16463,16016,16146,16959,16773,15496,16111,16679,16366,16224,16456,16908,15554,15815,15179,16688,16606,15822,17001,16186,16962,15681,16368,16172,15279,15452,14912,16696,15877,16210,15620,16128,16137,15978,16412,15754,15426,16426,15930,16833,16255,16010,15648,16236,15331,15977,16140,16557,15551,16311,16350,16047,16347,15707,16038,15470,16547,15765,16047,16269,16044,15728,16303,15252,15858,15832,16804,16410, 
15915,17017,15438,15345,15581,16897,15223,16278,16420,16026,15590,16074,14911,16285,15284,15904,15821,15310,15310,16355,15628,15540,15074,15829,15843,15593,15285,15426,14789,15546,15644,16170,15575,16945,14533,15335,16013,15381,15455,16350,15564,15987,14812,15164,15662,14507,14840,15765,15979,15333,15935,15765,15929,15095,15606,15237,16466,15031,15861,15292,15748,15631,15988,15832,16200,15231,16307,15963,15259,16277,14663,15646,15284,15965,15834,15531,14730,16337,15513,14972,15667,15654,16330,15219,15529,16095,14906,14591,15650,15032,15757,15131,16347,15172,15945,16363,15924,15855,16500,15972, 
14567,15384,15083,15847,14882,15365,14906,15555,15656,15657,15016,14852,14779,15956,15290,14700,14323,14548,15307,15605,14343,15921,15131,15206,15303,15900,14913,15220,14685,15892,15117,14315,16238,14966,15759,14983,14753,14732,14601,15297,15592,15189,14953,14080,15684,16138,15841,14843,14908,15545,14989,15117,15042,15422,14960,15015,15783,15260,15139,15349,15490,14940,15166,16354,15004,14519,15685,14274,14878,16092,15895,14943,14331,16119,15037,15302,15390,15026,14685,14977,15316,15517,15444,15841,14877,14704,15956,14904,14550,14770,15696,15000,14617,14371,15082,15052,15010,15667,15182,14383, 
14742,14646,15505,14486,14990,15426,14603,13889,14886,14495,15632,14911,14307,15034,14362,14166,14267,15139,14025,14498,15990,15100,15170,14926,14682,14252,14017,14669,13767,14331,14936,14536,15012,14574,15032,14618,14133,15111,15572,14391,14686,13729,14266,15354,15143,15472,15636,15650,15201,14589,15376,13995,14092,15526,14340,15232,14789,14670,14707,14597,14691,14270,14903,14512,14875,15807,15281,14460,15309,14614,14654,14778,13937,14672,14884,14404,14813,13932,14592,14058,14788,15042,14281,14948,14600,14942,15095,15180,14159,15836,15482,14673,14058,14223,15130,14535,14812,14801,14486,15040, 
13913,14177,13804,14354,14424,14684,14650,13493,13923,13118,14115,14625,14937,15111,14159,13497,14121,14535,14236,14077,14730,14663,13825,13953,14677,13726,14768,14221,13733,14584,14151,13765,14097,14200,13769,14331,14416,14173,14216,14156,14363,13728,14395,14571,14802,13775,13737,14495,14389,14901,14151,14057,13802,14627,14238,14107,14062,15412,13450,13550,14721,14383,14227,14654,14148,13387,14434,14009,14061,14567,13935,14125,14068,13618,13824,15007,15167,14097,14937,13985,14320,14709,13851,14377,14214,13907,14046,14417,15058,14578,14280,14854,14485,13950,13870,14145,14740,13197,14781,14356, 
13255,13758,13655,14196,14252,13929,13039,13892,14329,13996,12686,13411,14592,13745,13864,13417,13705,13675,13464,13678,13678,13909,13192,14148,14190,13817,14450,13285,13766,13559,13549,13226,13817,13903,13965,14579,14487,14008,13274,15067,13876,13761,13976,13633,13693,13432,13574,14476,13447,14134,13114,13831,13855,13685,14102,14366,14344,13263,13748,13958,12700,13641,14056,14647,13730,13545,13869,13194,13962,14555,12913,13850,13165,14430,13233,13380,14174,13147,13990,14300,14116,13523,13605,14301,14303,13428,13967,13479,13613,13838,14044,13524,13987,14327,13003,13560,13626,13988,13390,13854, 
13374,13536,12591,13317,13193,13240,13157,13301,13425,13822,13936,12963,13274,13279,12542,13732,13569,13898,13442,12952,13373,13147,14032,13069,13335,13267,12829,13962,13642,13123,13721,13946,13053,14228,14055,13486,13477,13501,13429,12652,14145,13576,13790,13700,14504,13272,13647,12641,12909,13863,14240,13999,14162,13613,13098,14119,12942,13832,14341,13694,12565,12396,13353,14007,14206,13250,13158,13658,12987,13380,13486,13002,13614,12479,13365,13182,13899,12799,13719,13699,13622,14067,13782,13501,12941,14482,13421,13276,13042,13721,13912,13144,13003,13291,12645,13535,13767,13102,13287,13691, 
12942,12991,12826,12761,13268,13273,12672,13197,13704,12807,13671,13195,13029,12696,13661,14043,13175,12123,13779,13615,13083,13301,13206,12861,12621,13061,13688,12883,13480,12377,12361,13110,12266,12816,13149,13337,12701,13433,12690,12893,12879,13429,13645,13517,13043,12852,12883,13199,12459,13538,13234,13171,13996,13261,12339,13394,12684,12415,13344,13347,13221,14012,13494,12703,13655,13734,13245,13209,12745,13216,13984,13272,13129,12523,12784,13309,12785,13480,13247,12800,13419,13412,13180,13017,13361,13598,13269,13201,13029,13864,13308,12740,12527,12871,13140,13303,13199,13067,13478,12876, 
11828,13161,12041,12856,12724,12980,11873,12455,12603,12313,12847,12053,12885,12740,12405,12856,12639,13002,12209,12009,12448,12394,12208,12605,11911,12509,13103,12961,12447,12565,12487,12741,12391,12879,13053,12445,12536,13343,12081,12989,12619,13161,12390,13044,12986,13056,12601,12892,12559,13076,12992,13077,12394,12486,12741,12172,12213,12332,12876,12269,12446,12473,12741,12240,12962,12806,13450,13534,12828,12819,12468,13176,12762,12457,12366,12969,12936,12857,12782,12860,12443,12297,13305,12708,12760,12811,12681,12960,12961,12419,12747,12371,13103,12327,12824,13251,13137,13282,12816,12045, 
12216,11900,12358,11842,12284,12497,12231,12260,12823,13008,12789,11912,12336,11578,12674,13133,12280,11860,12237,12189,12236,12988,12167,12290,12281,11517,12815,12322,11710,12151,12741,12137,11962,11805,12938,12084,11653,12822,12036,11737,12732,12727,12310,12447,12664,13070,12674,12480,12760,12964,12163,12650,12808,12334,12970,12357,12636,12206,12267,12307,12239,12584,12188,11933,12463,12582,11945,12447,12131,11991,12514,12458,12976,11829,12317,11845,12808,11753,11700,12600,11741,12885,12240,11961,12808,12946,12923,12277,12340,12064,12528,12837,11936,12228,12839,12458,13058,11616,12869,12955, 
12104,11913,11828,12074,11861,11898,12001,12063,11483,11802,11778,12471,12100,12098,12533,12369,12089,11478,11458,12381,11491,12932,11348,12474,12585,12126,12631,12364,11937,12873,11888,11892,12458,12494,11470,11812,11970,12543,12255,11856,12428,12523,11807,12207,12365,12495,11662,12058,11843,12014,12228,12827,12050,11933,12372,12909,11809,11183,13027,11788,11604,11807,11730,12612,12154,11844,12044,11922,12248,11704,11953,11172,12266,12282,11786,12679,12102,12854,11802,11570,12282,12142,12311,12215,11055,11122,12373,12372,12005,12015,11821,12260,12327,12344,11419,12724,12037,11317,12110,12174, 
11877,12148,10495,11058,12146,11615,11412,11486,11909,12060,11395,11284,12198,11570,12898,12207,10986,11125,11399,12290,11251,10889,11658,11629,11979,11381,11809,11298,11415,12177,11876,11284,12121,11342,11347,11199,11983,11631,11800,12491,11400,12282,11810,12295,12108,11994,12131,12008,12231,11054,10738,11498,11523,11990,12373,11962,12338,11211,12198,10838,12350,12060,11593,12071,11750,10741,11730,12682,11857,11608,11781,12264,12221,11585,11155,11633,12022,11454,11753,11948,11692,11269,12027,12005,12439,12393,12176,11636,12540,11880,11782,11387,11990,11840,11858,11637,11322,11883,11497,11562, 
11468,11413,11996,10834,11453,11000,11432,11709,11315,11816,10734,11374,11595,11565,11678,10965,12011,11119,11465,12221,11544,11689,10789,11091,11178,11179,12124,11734,11316,11198,10666,11048,11366,11662,11602,11242,11233,12120,11568,11290,10950,11706,11056,11861,11459,11316,11265,11323,11138,10776,10960,12029,11294,12204,11714,11449,11654,11645,11293,10947,11363,11369,10855,11240,11216,11999,11492,11120,12136,10846,11332,11199,11410,12043,11423,11643,11861,11112,11820,11610,11371,11311,10974,11283,10992,10849,10792,11856,11711,11776,11371,11787,11384,11511,11385,11520,11671,11436,11648,11557, 
11074,10719,10779,11128,11114,10800,11011,11568,11006,11508,11114,10625,11260,10892,10752,11179,10767,10950,10913,10439,10696,11372,10595,10491,11412,10951,11260,10892,10486,11346,11039,10599,10871,10221,11047,11224,11488,10886,11488,11429,11500,11123,11408,11844,10884,10769,10565,10995,10391,11286,11266,11000,10431,11866,11962,11496,10877,11712,11232,11571,11261,11053,11506,11419,11586,10801,10803,11436,10811,10738,11403,11396,11033,10596,10703,10601,11347,10739,12494,11383,11579,10803,10933,10940,11479,11643,11246,11350,10710,10352,11333,11142,11616,11078,11407,11343,11134,11056,11585,11059, 
11734,11151,10886,11355,10771,10783,10580,10619,11576,10424,10486,10974,11110,10613,10689,10591,10625,10634,10356,10095,10486,10846,10605,11394,11012,10817,10557,10452,10183,10985,11682,10909,10964,10792,11135,10066,11094,10707,10621,11085,10328,10233,11120,10835,10730,10824,10616,11062,10788,9879,9921,10434,10697,10897,10619,10435,10640,10063,11023,10542,11052,11037,11169,11127,10491,11407,10706,10908,11369,10714,10964,10312,10645,11172,10869,10647,11012,10955,10749,10048,11599,10547,10628,11294,10859,11036,10927,10959,10621,11218,10640,11039,10585,11038,10600,10745,9934,10662,10679,10817, 
10443,10649,10232,10711,10261,10536,10386,10379,10452,10576,11001,10707,10010,10155,10557,10708,10094,10948,10371,10741,10415,11229,10103,10377,10722,10282,10074,10899,10843,10496,10582,10594,10579,10086,10826,10092,10279,10537,10518,10651,10657,10497,10996,9813,9586,10078,10708,10191,9972,10232,11019,10514,10836,10939,10415,10268,10643,10451,10609,10272,10524,10762,10990,10876,10232,11389,10986,10988,10891,11169,10354,10715,10795,10569,9898,11050,10360,10443,10735,10641,10130,10674,9934,10955,10613,10551,10849,10417,10121,9965,11063,10573,10452,10385,10283,9805,9881,10886,10470,10981, 
9852,10807,11156,11519,10246,10213,10460,10185,10491,10083,10351,10255,9976,10006,9919,10570,10134,10304,9919,10801,10083,10091,10237,9825,10252,9967,10304,11100,9511,10405,10368,10370,10427,10040,9471,10558,9863,10250,9686,10409,9983,10280,9870,10314,10655,10541,10079,10157,10149,10419,10390,9831,10769,10614,10369,10007,10154,9720,10164,10393,10110,10617,10551,10131,10550,10495,10254,10821,9735,10023,9991,10551,10394,10371,10036,10357,10606,10282,10144,9975,10321,9943,9686,10053,10338,10642,9997,9811,9815,10100,10211,9982,10000,10155,9943,10433,10544,10440,10712,10025, 
9963,10074,9864,10043,9717,9570,10234,9603,9995,9488,10611,9607,10387,10031,9712,9690,9810,10212,9548,10545,9813,9485,9965,9906,9625,9719,9694,10506,10584,9569,9890,10087,9792,10153,10174,10320,10723,10496,10016,10568,10330,10364,9660,9858,9746,9959,9945,9096,9988,10321,10339,10121,9898,9610,9665,10506,10042,9672,10341,9996,9463,10683,9929,10226,10825,9801,10213,10350,10297,9491,10015,10318,10155,9564,10330,9755,10267,10265,9670,10011,9979,10147,9777,10195,10147,10032,9869,10053,10675,9924,10154,9886,9605,9538,9864,10256,9301,10032,10014,10226, 
9541,9644,9775,9439,9397,9888,9703,9560,9722,9827,9746,9562,10208,10215,10041,9786,9809,9740,9960,9507,9724,9682,9640,9457,8833,10046,9980,9758,10244,9832,9568,9505,9483,9823,9374,9775,9330,9359,9983,9433,9302,10019,9834,8869,9527,9636,9193,9880,9943,9427,10173,9942,9480,9561,9353,10216,9378,10092,10018,9719,9655,9365,9454,10009,10133,9425,9708,9307,9497,9720,9931,9619,9811,9764,9342,9569,9608,9629,10162,9435,10085,10215,9863,9861,9322,9986,10128,10017,9711,9502,9632,9802,9499,9659,9738,9649,9893,9188,9593,9960, 
9402,9060,10166,10012,9437,9618,9125,9154,9315,9241,9445,9420,9684,9385,9606,9494,8713,8827,9384,9569,10071,9385,10049,9504,9383,9833,9629,9472,9142,9634,8767,8940,9834,10117,9398,9317,9988,9453,9920,9851,9248,9072,9497,9366,9157,9305,9507,9363,9792,9127,9984,9600,9537,9571,9239,9126,10278,9437,9743,9377,9529,9651,9767,8982,9046,9757,9725,9573,9117,9311,9432,9919,9616,9607,9457,9675,9504,10099,9134,8654,9561,9457,9621,9518,9234,9727,9154,9523,9569,9343,9217,9344,9196,9630,9045,9394,9470,9451,9975,9591, 
9349,8964,9406,9559,9271,9564,9364,9427,9622,9497,9021,9502,9051,9657,8903,9548,9305,8932,9456,9203,9603,9529,9137,8947,9292,9321,9435,9197,9210,9541,9461,8851,9436,8677,9388,9345,9293,9417,9027,8792,9424,9603,9383,9404,8561,9351,8724,9224,10102,9162,9832,8886,9230,9479,9136,9090,9354,9668,9355,9197,9006,9323,9475,8976,9354,9471,10288,8930,9981,9139,9880,9587,8952,10443,9467,9197,9442,9207,9313,9184,9664,9569,8990,9388,9449,8951,8807,9226,9516,9141,9247,8943,8916,8901,9688,9322,9707,9427,9376,8699, 
9385,9291,8968,9051,8758,8921,9299,9396,8906,8788,8843,9032,8962,9311,9125,8769,8891,9077,9396,9311,9043,8340,9293,8661,9331,9078,8746,8868,8791,8922,8861,8944,9049,9086,9038,8822,8776,8984,8283,9474,8751,9081,8914,9258,9115,8986,8877,8982,8471,8993,9469,9355,9410,9194,8537,8860,8912,9022,9030,8978,8936,9237,9278,8320,9248,9027,9664,8875,8604,8877,9177,9024,8773,9598,8347,8755,9165,8839,9169,8919,9135,9185,8929,8829,9208,9061,9001,9274,8750,9715,9200,8747,9122,9016,9117,8913,8913,8631,8883,8756, 
9235,8683,8749,8980,8681,8520,8929,8762,8403,8805,8610,8494,9119,8520,8598,9029,8763,8483,8929,9190,8673,8621,8308,8769,8282,8770,8581,8973,8896,9164,8674,8846,9481,8793,8871,8970,8983,9187,8719,8928,9393,9115,8917,8861,8921,8837,8973,8734,8657,8171,8642,8556,8639,8580,8615,9306,8318,8549,8596,9059,8583,8620,8833,9036,8635,9054,8746,9240,8882,8117,8530,8802,8997,8994,9018,9409,8639,8664,8992,8764,8967,8552,9068,9143,9024,8551,8576,8655,8706,8770,8715,8770,8870,8813,8112,8683,9108,9347,8543,8926, 
8316,8498,7877,8318,8107,8587,8275,8640,8724,8505,8556,8523,8606,8920,8633,8776,8581,8621,8316,8343,8574,8694,8461,8495,8710,8120,8694,8804,8626,8430,8636,8545,8376,8605,8497,8346,8630,8559,8229,8256,8234,8967,9031,9010,8987,8845,8784,8678,8463,8341,8717,8271,8357,8959,8254,8480,8359,8326,8716,8935,8338,8503,8806,8690,8280,8454,8514,8519,8988,8912,8521,8664,8791,9043,8586,8619,8556,8459,8269,8181,8908,8548,8819,8865,8888,8557,8351,8851,8400,8324,8602,8575,8581,8740,8629,8412,8554,8368,8627,8337, 
8623,8436,8192,8556,8363,8356,7920,8313,8377,8549,8123,8693,8422,8727,8570,8345,7898,7856,8396,8189,9040,8239,8541,8346,8350,8045,9056,7962,8509,8105,8418,8494,7889,8643,8326,8082,7889,8563,8512,8489,8795,8218,8486,8414,8094,8531,8398,8216,8124,9098,8319,8447,8337,8184,8251,8661,7948,8439,8446,8273,8595,8478,8017,8288,8556,8137,8210,7977,8803,7982,8061,8864,8547,8270,8521,8026,8113,8424,8227,8405,8022,8713,8472,8529,8198,7983,8218,8643,8024,8195,8071,8156,8329,8303,9042,8225,8764,8653,8275,8389, 
8347,7927,8235,8330,7843,8538,8248,7996,8440,8487,7950,7940,8122,8180,8186,8320,8170,8149,7854,8219,7891,7998,7867,7884,8189,8323,8180,8138,8274,8385,7807,8019,8211,8737,8011,8531,8087,8039,8166,8161,8083,8249,8463,7626,7953,8094,8199,8005,8476,8343,7531,8257,8030,8417,8524,8581,8423,7958,8205,8577,7726,8061,8491,8019,7784,8487,8139,7943,8344,8074,7869,8348,8269,8174,8282,8079,8465,7793,8326,7992,8526,8387,8074,8279,8427,7991,8332,7806,8286,7713,8267,8081,8234,8449,8372,8104,8109,8216,8344,8511, 
, ,,,,,,,,,,,,,,,,,,,,,,,,,,,,,,,,,,,,,,,,,,,,,,,,,,,,,,,,,,,,,,,,,,,,,,,,,,,,,,,,,,,,,,,,,,,,,,,,,,,
