100735, 100653, 100576, 100583, 100712, 100652, 100655, 100665, 100633, 100650, 100816, 100694, 100762, 100699, 100651, 100706, 100595, 100659, 100638, 100548, 100744, 100841, 100796, 100724, 100885, 100503, 100738, 100828, 100545, 100768, 100861, 100543, 100686, 100679, 100508, 100764, 100610, 100707, 100744, 100627, 100652, 100678, 100604, 100706, 100722, 100758, 100526, 100518, 100702, 100743, 100598, 100710, 100699, 100696, 100665, 100610, 100863, 100747, 100711, 100532, 100641, 100653, 100597, 100662, 100596, 100566, 100685, 100853, 100779, 100867, 100592, 100711, 100634, 100662, 100677, 100730, 100871, 100778, 100817, 100969, 100818, 100733, 100594, 100747, 100663, 100791, 100957, 100678, 100705, 100512, 100590, 100764, 100836, 100769, 100835, 100599, 100764, 100586, 100653, 100770, 
100610, 100788, 100706, 100586, 100739, 100844, 100861, 100603, 100582, 100813, 100791, 100791, 100615, 100603, 100596, 100453, 100646, 100755, 100560, 100631, 100536, 100669, 100599, 100720, 100534, 100619, 100678, 100683, 100643, 100638, 100759, 100505, 100549, 100576, 100890, 100585, 100566, 100537, 100558, 100670, 100652, 100561, 100598, 100649, 100752, 100793, 100642, 100520, 100807, 100777, 100846, 100851, 100764, 100746, 100600, 100772, 100716, 100589, 100635, 100534, 100683, 100761, 100763, 100711, 100805, 100755, 100516, 100734, 100765, 100735, 100873, 100521, 100609, 100806, 100662, 100619, 100626, 100877, 100662, 100633, 100767, 100561, 100632, 100544, 100741, 100570, 100603, 100651, 100861, 100876, 100525, 100747, 100635, 100571, 100371, 100589, 100543, 100632, 100664, 100729, 
100643, 100632, 100617, 100586, 100542, 100767, 100616, 100486, 100689, 100580, 100604, 100809, 100549, 100748, 100703, 100628, 100654, 100734, 100411, 100683, 100555, 100511, 100615, 100606, 100516, 100584, 100573, 100440, 100685, 100554, 100676, 100412, 100677, 100736, 100516, 100594, 100554, 100679, 100701, 100487, 100509, 100708, 100503, 100600, 100682, 100618, 100574, 100452, 100634, 100766, 100644, 100748, 100581, 100615, 100710, 100606, 100626, 100688, 100582, 100711, 100539, 100626, 100592, 100749, 100405, 100532, 100524, 100680, 100572, 100796, 100652, 100698, 100590, 100579, 100851, 100745, 100507, 100555, 100761, 100591, 100699, 100498, 100641, 100470, 100559, 100439, 100601, 100659, 100671, 100740, 100545, 100351, 100807, 100540, 100537, 100487, 100531, 100670, 100491, 100556, 
100760, 100406, 100669, 100650, 100639, 100771, 100765, 100445, 100436, 100720, 100657, 100407, 100598, 100764, 100577, 100716, 100761, 100525, 100529, 100495, 100605, 100456, 100740, 100727, 100575, 100547, 100653, 100335, 100508, 100595, 100505, 100695, 100539, 100688, 100647, 100779, 100569, 100572, 100556, 100594, 100553, 100704, 100797, 100684, 100378, 100503, 100467, 100601, 100445, 100584, 100431, 100551, 100492, 100611, 100743, 100617, 100672, 100424, 100477, 100757, 100606, 100465, 100711, 100771, 100673, 100639, 100561, 100572, 100553, 100658, 100670, 100543, 100546, 100625, 100645, 100698, 100678, 100562, 100567, 100734, 100364, 100631, 100515, 100615, 100753, 100635, 100841, 100588, 100577, 100667, 100643, 100671, 100679, 100612, 100567, 100518, 100699, 100504, 100706, 100690, 
100794, 100560, 100620, 100666, 100663, 100542, 100506, 100346, 100659, 100808, 100651, 100774, 100411, 100563, 100571, 100429, 100494, 100377, 100633, 100544, 100649, 100647, 100643, 100663, 100597, 100601, 100706, 100390, 100473, 100612, 100569, 100650, 100591, 100762, 100673, 100535, 100578, 100498, 100372, 100587, 100546, 100554, 100442, 100517, 100535, 100585, 100619, 100620, 100539, 100696, 100575, 100514, 100740, 100568, 100633, 100386, 100321, 100506, 100542, 100482, 100601, 100448, 100575, 100417, 100634, 100847, 100690, 100537, 100641, 100734, 100660, 100695, 100560, 100665, 100428, 100593, 100563, 100553, 100545, 100764, 100518, 100513, 100476, 100675, 100627, 100532, 100715, 100523, 100607, 100649, 100411, 100570, 100639, 100723, 100592, 100560, 100589, 100712, 100735, 100515, 
100544, 100541, 100605, 100431, 100730, 100674, 100632, 100491, 100539, 100417, 100237, 100415, 100605, 100450, 100546, 100519, 100550, 100650, 100414, 100431, 100498, 100577, 100231, 100489, 100608, 100478, 100592, 100474, 100824, 100547, 100597, 100458, 100375, 100617, 100666, 100802, 100864, 100501, 100522, 100480, 100425, 100553, 100473, 100459, 100535, 100658, 100598, 100592, 100650, 100510, 100474, 100700, 100639, 100445, 100561, 100618, 100556, 100458, 100563, 100618, 100583, 100456, 100674, 100709, 100597, 100550, 100616, 100728, 100684, 100553, 100477, 100491, 100352, 100788, 100631, 100507, 100569, 100673, 100361, 100379, 100590, 100609, 100305, 100586, 100609, 100401, 100548, 100869, 100473, 100626, 100592, 100531, 100591, 100598, 100728, 100497, 100539, 100315, 100513, 100520, 
100639, 100446, 100607, 100570, 100546, 100662, 100400, 100583, 100673, 100700, 100514, 100481, 100667, 100552, 100735, 100628, 100365, 100561, 100351, 100456, 100584, 100449, 100769, 100505, 100619, 100613, 100455, 100389, 100569, 100708, 100486, 100531, 100517, 100574, 100806, 100457, 100509, 100407, 100453, 100417, 100644, 100573, 100562, 100601, 100420, 100401, 100605, 100538, 100513, 100550, 100694, 100551, 100497, 100418, 100570, 100664, 100633, 100462, 100321, 100424, 100492, 100616, 100577, 100587, 100741, 100499, 100557, 100572, 100475, 100695, 100539, 100599, 100483, 100487, 100504, 100358, 100465, 100645, 100594, 100464, 100439, 100537, 100395, 100578, 100449, 100637, 100654, 100568, 100283, 100396, 100587, 100661, 100583, 100493, 100558, 100301, 100482, 100769, 100639, 100542, 
100702, 100437, 100605, 100392, 100615, 100448, 100449, 100302, 100548, 100492, 100422, 100296, 100378, 100489, 100557, 100598, 100374, 100659, 100495, 100520, 100530, 100522, 100407, 100367, 100469, 100325, 100446, 100491, 100577, 100464, 100593, 100626, 100420, 100444, 100330, 100450, 100450, 100433, 100502, 100610, 100403, 100411, 100534, 100538, 100423, 100427, 100464, 100432, 100336, 100551, 100714, 100477, 100553, 100635, 100250, 100655, 100477, 100487, 100542, 100489, 100483, 100342, 100323, 100671, 100668, 100441, 100430, 100473, 100642, 100603, 100505, 100302, 100712, 100535, 100277, 100475, 100366, 100430, 100393, 100686, 100543, 100572, 100450, 100563, 100365, 100452, 100420, 100454, 100480, 100556, 100481, 100415, 100498, 100462, 100411, 100443, 100312, 100550, 100475, 100480, 
100410, 100302, 100490, 100487, 100535, 100626, 100353, 100413, 100419, 100295, 100406, 100512, 100222, 100348, 100425, 100634, 100541, 100476, 100400, 100501, 100487, 100560, 100437, 100425, 100601, 100284, 100462, 100330, 100626, 100779, 100495, 100355, 100339, 100614, 100398, 100494, 100518, 100419, 100467, 100432, 100451, 100500, 100575, 100429, 100323, 100493, 100278, 100350, 100520, 100396, 100537, 100361, 100427, 100433, 100426, 100721, 100609, 100450, 100583, 100429, 100299, 100507, 100363, 100390, 100596, 100620, 100664, 100527, 100323, 100386, 100554, 100468, 100417, 100393, 100447, 100423, 100315, 100512, 100614, 100525, 100605, 100545, 100338, 100352, 100348, 100493, 100316, 100332, 100446, 100505, 100466, 100383, 100184, 100541, 100500, 100474, 100567, 100635, 100406, 100383, 
100614, 100134, 100222, 100488, 100471, 100564, 100463, 100526, 100298, 100508, 100483, 100460, 100415, 100520, 100365, 100399, 100614, 100354, 100463, 100562, 100280, 100428, 100545, 100393, 100451, 100439, 100621, 100610, 100346, 100501, 100452, 100431, 100521, 100655, 100379, 100336, 100336, 100506, 100383, 100510, 100338, 100498, 100468, 100350, 100356, 100701, 100379, 100231, 100420, 100522, 100258, 100573, 100379, 100506, 100361, 100542, 100473, 100266, 100548, 100492, 100472, 100466, 100447, 100455, 100456, 100527, 100451, 100497, 100594, 100558, 100332, 100214, 100496, 100763, 100604, 100413, 100387, 100382, 100332, 100383, 100383, 100207, 100455, 100399, 100589, 100344, 100333, 100480, 100495, 100463, 100466, 100440, 100540, 100443, 100441, 100409, 100300, 100266, 100435, 100358, 
100393, 100486, 100386, 100418, 100484, 100513, 100514, 100572, 100433, 100185, 100522, 100366, 100386, 100580, 100464, 100338, 100514, 100447, 100235, 100304, 100475, 100287, 100431, 100420, 100427, 100217, 100318, 100437, 100416, 100510, 100372, 100265, 100381, 100319, 100327, 100269, 100499, 100356, 100499, 100482, 100398, 100450, 100508, 100367, 100356, 100381, 100269, 100340, 100137, 100674, 100382, 100347, 100343, 100516, 100587, 100601, 100379, 100572, 100490, 100524, 100314, 100277, 100400, 100334, 100586, 100609, 100528, 100395, 100435, 100427, 100407, 100323, 100380, 100326, 100385, 100309, 100271, 100523, 100450, 100530, 100501, 100328, 100484, 100571, 100157, 100413, 100453, 100370, 100368, 100642, 100437, 100494, 100336, 100367, 100534, 100366, 100840, 100328, 100354, 100392, 
100330, 100388, 100412, 100515, 100184, 100362, 100385, 100427, 100422, 100395, 100496, 100406, 100319, 100226, 100239, 100311, 100395, 100485, 100512, 100457, 100257, 100367, 100233, 100441, 100517, 100305, 100508, 100291, 100369, 100509, 100345, 100390, 100624, 100247, 100432, 100142, 100413, 100500, 100305, 100546, 100260, 100304, 100449, 100346, 100378, 100352, 100419, 100417, 100282, 100486, 100467, 100354, 100528, 100142, 100437, 100357, 100404, 100295, 100478, 100466, 100382, 100266, 100348, 100484, 100340, 100388, 100344, 100384, 100232, 100250, 100314, 100361, 100183, 100223, 100338, 100442, 100234, 100412, 100347, 100429, 100375, 100397, 100252, 100416, 100188, 100377, 100247, 100389, 100361, 100349, 100398, 100370, 100201, 100323, 100418, 100416, 100484, 100064, 100409, 100383, 
100303, 100468, 100406, 100349, 100343, 100316, 100346, 100359, 100395, 100308, 100404, 100326, 100375, 100388, 100446, 100403, 100329, 100276, 100347, 100459, 100351, 100520, 100358, 100483, 100414, 100577, 100551, 100221, 100399, 100343, 100109, 100339, 100306, 100456, 100416, 100449, 100475, 100121, 100321, 100335, 100304, 100447, 100376, 100371, 100228, 100363, 100408, 100371, 100363, 100296, 100201, 100260, 100322, 100212, 100321, 100563, 100291, 100356, 100561, 100409, 100279, 100329, 100378, 100372, 100469, 100361, 100308, 100480, 100111, 100476, 100308, 100313, 100365, 100245, 100389, 100228, 100408, 100171, 100349, 100415, 100403, 100276, 100418, 100320, 100292, 100356, 100169, 100091, 100363, 100438, 100372, 100426, 100356, 100275, 100308, 100398, 100277, 100417, 100354, 100390, 
100430, 100369, 100199, 100327, 100387, 100128, 100455, 100398, 100291, 100335, 100259, 100454, 100293, 100210, 100375, 100332, 100288, 100228, 100266, 100301, 100303, 100345, 100375, 100333, 100259, 100257, 100334, 100381, 100324, 100326, 100289, 100474, 100307, 100445, 100252, 100367, 100367, 100116, 100194, 100370, 100256, 100469, 100381, 100351, 100309, 100096, 100309, 100546, 100293, 100306, 100319, 100373, 100367, 100339, 100379, 100262, 100502, 100282, 100386, 100453, 100400, 100440, 100502, 100178, 100544, 100263, 100296, 100447, 100153, 100449, 100385, 100237, 100315, 100438, 100421, 100200, 100359, 100192, 100455, 100448, 100445, 100297, 100138, 100284, 100197, 100352, 100145, 100260, 100539, 100519, 100278, 100347, 100281, 100273, 100135, 100504, 100370, 100359, 100460, 100279, 
100272, 100354, 100413, 100331, 100393, 100138, 100341, 100349, 100259, 100195, 100367, 100135, 100391, 100607, 100335, 100129, 100428, 100336, 100332, 100391, 100414, 100282, 100305, 100363, 100205, 100220, 100201, 100139, 100392, 100441, 100198, 100367, 100375, 100094, 100432, 100149, 100275, 100157, 100353, 100328, 100464, 100183, 100221, 100398, 100163, 100298, 100290, 100265, 100241, 100281, 100213, 100376, 100354, 100196, 100358, 100350, 100321, 100335, 100508, 100280, 100281, 100280, 100260, 100190, 100165, 100318, 100284, 100420, 100379, 100254, 100232, 100316, 100347, 100205, 100360, 100275, 100054, 100318, 100227, 100318, 100270, 100355, 100218, 100201, 100465, 100306, 100356, 100358, 100205, 100237, 100171, 100140, 100380, 100304, 100568, 100174, 100485, 100301, 100286, 100264, 
100280, 100283, 100375, 100126, 100209, 100187, 100439, 100229, 100120, 100422, 100295, 100350, 100385, 100304, 100219, 100279, 100229, 100347, 100152, 100142, 100110, 100214, 100314, 100404, 100353, 100236, 100127, 100343, 100322, 100287, 100234, 100235, 100279, 100378, 100198, 100081, 100342, 100213, 100138, 100302, 100307, 100299, 100221, 100034, 100334, 100169, 100237, 100233, 100044, 100359, 100167, 100274, 100264, 100312, 100168, 100245, 100226, 100196, 100284, 100242, 100247, 100242, 100226, 100281, 100288, 100274, 100271, 100298, 100234, 100261, 100247, 100244, 100156, 100376, 100212, 100223, 100430, 100364, 100380, 100173, 100294, 100381, 100262, 100182, 100212, 100280, 100071, 100410, 100095, 100262, 100288, 100114, 100175, 100339, 100426, 100272, 100363, 100488, 100271, 100397, 
100280, 100262, 100250, 100257, 100308, 100365, 100221, 100195, 100105, 100316, 100157, 100202, 100178, 100202, 100400, 100210, 100203, 100278, 100091, 100155, 100238, 100256, 100243, 100143, 100213, 100364, 100313, 100200, 100229, 100264, 100152, 100299, 100112, 100250, 100303, 100245, 100261, 100308, 100226, 100372, 100248, 100318, 100084, 100195, 100185, 100297, 100190, 100131, 100124, 99999, 100071, 100197, 100179, 100107, 100257, 100210, 100349, 100324, 100328, 100234, 100314, 100218, 100270, 100284, 100292, 100277, 100258, 100141, 100185, 100206, 100220, 100442, 100215, 100291, 100203, 100059, 100180, 100356, 100288, 100175, 100308, 100116, 100281, 100335, 100077, 100380, 100166, 100165, 100226, 100360, 100282, 100219, 100341, 100186, 100464, 100303, 100244, 100305, 100067, 100161, 
100101, 100122, 100297, 100134, 100243, 100016, 100195, 100101, 100333, 100168, 100108, 100310, 100284, 100125, 100253, 100192, 100379, 100277, 100328, 100157, 100257, 100160, 100238, 100196, 100265, 100070, 100180, 100197, 100232, 100169, 100232, 100202, 100244, 99979, 100373, 100181, 100313, 100161, 100247, 100239, 100078, 100417, 100201, 100180, 100131, 100224, 100195, 100253, 100255, 100153, 100217, 100269, 100261, 100263, 100104, 100202, 100313, 100209, 100230, 100128, 100314, 100128, 100198, 100350, 100340, 100220, 100149, 100323, 100470, 100116, 100279, 100179, 100195, 100173, 100007, 100339, 100249, 100050, 100285, 100032, 100212, 100263, 100244, 100294, 100314, 100112, 100201, 100288, 100112, 100411, 100158, 100095, 100233, 100281, 100273, 100173, 100253, 100353, 100270, 100153, 
100151, 100367, 100404, 100061, 100340, 100069, 100154, 100205, 100093, 100236, 100249, 100148, 100041, 100302, 100253, 100176, 100263, 100188, 100298, 100379, 100089, 100132, 100238, 100315, 100083, 100370, 100109, 100101, 100180, 100083, 100455, 100098, 100154, 100193, 100137, 100147, 100181, 100267, 100214, 100210, 100170, 100297, 100063, 100316, 100306, 100215, 100205, 100277, 100217, 100182, 100146, 100016, 100324, 100103, 100263, 100179, 100302, 100251, 100194, 99984, 100131, 100214, 100133, 100220, 100127, 100236, 100173, 100207, 100150, 100100, 100077, 100210, 100270, 100295, 100083, 100150, 100082, 100294, 100165, 100241, 100224, 100101, 100200, 100235, 100268, 100394, 100120, 100343, 100259, 100180, 100069, 100132, 100170, 100193, 100087, 100299, 100213, 100269, 100324, 100264, 
100111, 100183, 100126, 100029, 100283, 100249, 100157, 100073, 100155, 100028, 99965, 100148, 100098, 100263, 100132, 100388, 100342, 100018, 100120, 100129, 100240, 100119, 100258, 100204, 100115, 100092, 100163, 100140, 100219, 99960, 100107, 100251, 100184, 100184, 100122, 100177, 99929, 100022, 100167, 100293, 100249, 100197, 100295, 100114, 99990, 100180, 100226, 100051, 100219, 100131, 100074, 100225, 100230, 100111, 99971, 100221, 100334, 100399, 100161, 100186, 100176, 100100, 100122, 100093, 100018, 100264, 100150, 100179, 100304, 100288, 100222, 100167, 100155, 100206, 100163, 99970, 100184, 100141, 100226, 100180, 100125, 100216, 100286, 100089, 100286, 100094, 100196, 100362, 100225, 100231, 100380, 100197, 100175, 99965, 100081, 100067, 100224, 100267, 100348, 100126, 
100068, 100064, 100300, 100183, 100087, 100211, 100263, 100024, 100222, 100053, 100001, 100060, 100118, 100228, 100303, 100209, 100085, 99985, 100238, 100020, 100191, 100187, 100200, 100098, 100223, 100107, 99965, 100168, 99938, 100204, 99872, 99999, 100177, 100277, 100074, 100058, 100114, 100242, 100070, 100097, 100168, 100107, 100279, 100323, 100211, 99990, 100117, 100034, 100142, 100098, 100132, 100084, 100196, 100000, 100077, 100109, 100254, 100118, 100181, 100244, 100190, 100140, 100282, 100185, 100331, 99975, 100284, 100206, 100039, 100160, 100202, 100104, 100146, 100176, 100131, 100093, 100078, 100211, 100145, 100197, 100143, 100276, 100223, 100304, 99987, 100257, 100282, 100232, 99981, 100035, 100331, 100079, 100122, 100078, 100171, 100147, 100167, 100118, 100135, 100209, 
100046, 100269, 100111, 99958, 100060, 100000, 100061, 100149, 100160, 100135, 100135, 99931, 100120, 100080, 100109, 100090, 100085, 100065, 99944, 100187, 100192, 100025, 100042, 100092, 100076, 100241, 100315, 99996, 100059, 100288, 99962, 100207, 100247, 100111, 100054, 100219, 100141, 100111, 100086, 100294, 100099, 100147, 100164, 100332, 100070, 100144, 100079, 100164, 100246, 100214, 100207, 99984, 100079, 100222, 99978, 100134, 99992, 100117, 100045, 100083, 100028, 100027, 100096, 100051, 100176, 100273, 100123, 100053, 100189, 99983, 100088, 100195, 100269, 100164, 100144, 100121, 99975, 100073, 100061, 100151, 100205, 100083, 100115, 100192, 100086, 99852, 100199, 100021, 100201, 99995, 100178, 100144, 100168, 99903, 100110, 100092, 100160, 100313, 100134, 100123, 
100050, 100188, 99962, 100021, 100146, 100030, 100146, 100261, 100134, 99956, 100210, 100137, 100308, 100154, 99995, 100053, 100059, 100003, 100077, 100063, 100031, 100098, 100124, 100160, 100060, 100220, 100063, 100101, 100087, 100170, 100261, 100102, 100016, 99963, 100181, 100121, 100086, 99988, 100078, 100066, 100003, 100003, 99916, 100008, 100066, 100005, 100173, 100232, 100224, 99927, 100161, 100078, 100153, 100019, 100271, 100010, 99917, 100013, 100033, 100067, 100068, 100056, 100181, 100058, 100254, 100231, 100049, 100076, 99981, 100150, 99998, 100159, 100028, 100052, 99954, 99877, 100166, 100148, 100246, 100193, 100035, 100116, 100233, 100036, 100126, 100006, 99927, 100061, 100197, 99975, 100172, 100277, 100055, 100266, 100089, 100041, 99970, 100174, 100144, 100123, 
100096, 100006, 100048, 100117, 100214, 100062, 99994, 100271, 100006, 100220, 100167, 100046, 100197, 100097, 99986, 99921, 100080, 100270, 100105, 100194, 100101, 100075, 100177, 100054, 100076, 100335, 99857, 99980, 100128, 100072, 100056, 100100, 100076, 100084, 100146, 100106, 100104, 100135, 100081, 100110, 100139, 100174, 100037, 100014, 100161, 99954, 100008, 100022, 99986, 100083, 100235, 99933, 100085, 100002, 100027, 100039, 100047, 100139, 100124, 100076, 100142, 100153, 99996, 100094, 100019, 100085, 99967, 99900, 100243, 100004, 100017, 100037, 100057, 100081, 99949, 99971, 99961, 100133, 100094, 99949, 100009, 100122, 100192, 99989, 100060, 100059, 100187, 100063, 100279, 99896, 100021, 100079, 100190, 99944, 100301, 100126, 100047, 100159, 99922, 100129, 
100125, 100007, 100132, 100111, 100167, 99879, 100034, 99906, 99946, 100093, 100137, 100055, 100124, 100116, 100029, 100112, 99859, 100038, 100069, 100153, 100002, 100019, 99874, 100150, 99872, 99964, 100071, 100121, 100085, 100014, 99932, 100184, 100024, 100147, 99984, 99905, 99801, 100059, 100111, 99900, 99942, 100003, 100064, 100102, 99956, 100062, 100067, 99976, 100083, 99838, 100097, 100139, 100004, 99967, 100106, 100222, 100240, 100080, 100017, 100017, 100245, 99901, 100085, 99969, 100118, 100089, 100031, 100067, 99799, 100067, 100087, 99922, 100066, 100033, 100020, 99881, 100192, 99986, 99944, 100147, 99979, 100062, 100084, 99947, 100028, 100183, 100034, 99981, 99925, 100008, 100022, 100206, 100029, 100073, 100098, 100044, 100048, 100037, 100079, 99986, 
100032, 99985, 100034, 100167, 100032, 100055, 99978, 100118, 100052, 100194, 100051, 99931, 99976, 100062, 99936, 100003, 99947, 100194, 100155, 100157, 100035, 99923, 100144, 99952, 99979, 100065, 100022, 100140, 99981, 100030, 100008, 100104, 100132, 99907, 99886, 100003, 99951, 100140, 99971, 100084, 100052, 99992, 100054, 99949, 100225, 99996, 100015, 99937, 100092, 100189, 100086, 99961, 100117, 100039, 99924, 99764, 99922, 99955, 100022, 99895, 100047, 100049, 99945, 99987, 100019, 99968, 99989, 99903, 100113, 99934, 99892, 100112, 100062, 100084, 99932, 99991, 100024, 99995, 100040, 100127, 100029, 99949, 99942, 99972, 100140, 99950, 100046, 99963, 100039, 99932, 100174, 99932, 99911, 100107, 99862, 99893, 99980, 99964, 100082, 100033, 
100109, 99911, 100090, 99884, 99971, 99908, 100028, 99881, 99947, 100026, 100008, 100100, 99974, 99942, 99894, 100051, 99832, 99944, 100008, 100004, 100054, 100017, 99931, 99967, 99974, 99915, 99908, 99940, 99943, 99944, 99882, 99990, 99987, 99938, 100078, 100019, 99877, 100021, 100065, 100091, 99970, 99926, 99995, 100090, 99990, 100126, 99906, 99864, 99880, 100039, 100134, 100067, 99997, 99903, 100006, 100041, 99897, 99845, 99991, 100047, 99761, 99897, 100131, 100166, 99978, 100050, 99992, 99883, 100013, 100010, 99884, 99882, 100222, 100124, 100002, 99737, 99954, 100021, 100020, 100051, 100005, 100137, 100211, 99992, 99913, 99962, 100076, 99890, 99947, 99984, 99851, 99930, 99962, 100062, 99976, 99977, 99957, 99902, 99966, 100000, 
99956, 99899, 99927, 100159, 100051, 99874, 100122, 100055, 99876, 99885, 99931, 99985, 100062, 100074, 99882, 100056, 99958, 99970, 99771, 100005, 100053, 100092, 99908, 100024, 99935, 99842, 99867, 100111, 100031, 99897, 99885, 99938, 99993, 99876, 100034, 99957, 100127, 99979, 99989, 99951, 99954, 99934, 99962, 100009, 99989, 100127, 100165, 100007, 100058, 99933, 99853, 99920, 99939, 99959, 100084, 99992, 100056, 100100, 99823, 99959, 99880, 100014, 99905, 99849, 100029, 100078, 99956, 100074, 100138, 100048, 99961, 100032, 100021, 100044, 100098, 99964, 99982, 99988, 99806, 100218, 100045, 99984, 100170, 100144, 99937, 99904, 99809, 100060, 99982, 100045, 99795, 99910, 99846, 99879, 99896, 100029, 99999, 99821, 99839, 99978, 
99811, 99981, 99898, 100107, 99970, 99890, 99933, 99838, 99983, 99890, 99976, 100113, 100046, 99757, 100086, 100072, 99895, 100021, 99987, 99952, 99901, 99937, 99863, 99975, 99840, 99838, 100041, 100050, 99867, 99807, 99995, 100043, 99940, 99885, 99925, 99828, 99903, 100024, 99949, 99918, 99955, 99904, 99952, 100054, 99895, 99879, 99966, 99807, 99897, 99845, 99900, 100112, 100039, 99975, 99910, 99930, 99998, 99939, 99902, 99958, 100005, 99944, 99936, 99920, 99849, 99895, 99989, 99941, 99948, 99791, 99995, 99946, 100017, 99995, 100305, 100054, 99954, 99822, 99836, 99898, 99730, 99997, 100101, 99833, 99964, 99954, 99980, 99835, 99956, 100015, 99972, 99909, 100011, 99936, 99978, 99932, 99980, 100008, 99842, 100078, 
99931, 99834, 99964, 99892, 99860, 100034, 99825, 99956, 99816, 99914, 99942, 99872, 99735, 99821, 99848, 100025, 100052, 99869, 99957, 99837, 99788, 99881, 99886, 99915, 100069, 100004, 99991, 99749, 100008, 99887, 99918, 100070, 99795, 100148, 100015, 99926, 99935, 99926, 99851, 100037, 99936, 100079, 100041, 99851, 99924, 100041, 100016, 100072, 100029, 99962, 99881, 99988, 99814, 99882, 100017, 99964, 99906, 99764, 99961, 99861, 100115, 99954, 99836, 99940, 99784, 99897, 99886, 99921, 100010, 100058, 100008, 99940, 99909, 99864, 99822, 99971, 99835, 99942, 99952, 99797, 99865, 99961, 100100, 99918, 99917, 100036, 100031, 100001, 99979, 100000, 100117, 99918, 99943, 99851, 99951, 99876, 99856, 99881, 99812, 99946, 
99944, 99983, 99865, 100006, 99851, 99953, 99908, 99778, 99911, 99918, 99972, 99879, 99855, 100050, 100010, 99947, 99792, 99826, 99875, 99925, 99899, 99884, 99941, 100001, 99897, 99839, 99872, 99787, 99882, 99893, 99775, 99727, 99851, 100003, 99876, 100059, 99800, 99868, 99988, 99737, 99880, 99826, 99965, 99759, 99927, 99813, 99836, 99931, 99712, 99746, 99976, 99883, 99951, 99961, 99863, 99899, 99829, 99839, 100107, 99916, 100010, 99950, 100017, 99929, 99863, 99923, 99856, 99802, 100017, 99890, 99756, 99964, 99891, 99951, 99898, 99823, 99988, 99769, 99896, 99849, 99823, 100113, 99922, 99891, 99826, 99989, 99889, 100101, 99712, 99793, 100074, 99880, 100038, 99893, 99875, 99678, 100048, 99846, 100045, 99908, 
99935, 99993, 99935, 99880, 99818, 99855, 99891, 99902, 99951, 99823, 99959, 100027, 99869, 99948, 99803, 99809, 99899, 99806, 99906, 99696, 99856, 99938, 99754, 99803, 99902, 100047, 99874, 99884, 99908, 99912, 99776, 99995, 99783, 99892, 99866, 99875, 99935, 99947, 99905, 99736, 99908, 99854, 99896, 99826, 99928, 99927, 99745, 99919, 99866, 99795, 99972, 99917, 99844, 99908, 99885, 99736, 99905, 99917, 99745, 99834, 99932, 99810, 99990, 99793, 99981, 99671, 99843, 99876, 99748, 99873, 99718, 99868, 99877, 99999, 99784, 99827, 99773, 99946, 99879, 99779, 99848, 99706, 99980, 99899, 99630, 99897, 99792, 99900, 99898, 99808, 99799, 100033, 99853, 99970, 99806, 99753, 99835, 99965, 99837, 99825, 
99693, 99854, 99816, 99744, 99879, 99930, 99758, 99920, 99612, 99840, 99907, 99621, 99917, 99943, 99841, 99840, 100015, 99891, 99916, 99775, 99782, 99868, 99899, 99929, 99860, 99787, 99749, 99770, 99695, 99825, 99955, 99744, 99759, 99891, 99756, 99717, 99826, 99777, 99916, 99873, 99736, 99822, 99930, 99768, 99862, 99824, 99883, 99805, 99749, 99713, 99915, 99855, 99917, 99807, 99835, 99697, 99870, 99960, 99919, 99872, 99911, 99813, 99993, 99852, 99867, 99919, 99766, 99915, 99774, 99919, 99728, 99854, 99835, 100018, 99929, 99774, 99866, 99748, 99876, 99652, 99813, 99847, 100085, 99775, 100022, 99921, 99897, 99814, 100069, 99914, 99783, 99780, 99770, 99712, 99826, 99791, 99809, 99862, 99915, 99901, 
99973, 99828, 99903, 99776, 99857, 99830, 99752, 99815, 99895, 99985, 99972, 99863, 99831, 99722, 99798, 99997, 99726, 99785, 99884, 99861, 99800, 99768, 99879, 99984, 99798, 100002, 99705, 99630, 99748, 99919, 99761, 99774, 99852, 99832, 99729, 99733, 99990, 99806, 99927, 99893, 99847, 99894, 99827, 99923, 100040, 99908, 99886, 99925, 99695, 99795, 99681, 99850, 99930, 99732, 99867, 100020, 99766, 99754, 99751, 99789, 99895, 99813, 99852, 99882, 99823, 99783, 99803, 99727, 99818, 99983, 99690, 99891, 99717, 99806, 100037, 99887, 99940, 99804, 99861, 99777, 99732, 99998, 99951, 99839, 99916, 99689, 99729, 99952, 99874, 99892, 99810, 99912, 99817, 99888, 99766, 99875, 99780, 99865, 99782, 99791, 
99869, 99902, 99895, 99794, 99803, 99798, 99969, 99710, 99673, 99779, 99670, 99801, 99803, 99763, 99754, 99749, 99711, 99843, 99897, 99777, 99851, 99712, 99744, 99783, 99809, 99780, 99750, 99740, 99786, 99775, 99906, 99837, 99790, 99886, 99685, 99787, 99814, 99820, 99724, 99806, 99855, 99837, 99720, 99752, 99748, 99858, 99855, 99780, 99792, 99827, 99713, 99882, 99724, 99698, 99766, 99807, 99832, 99923, 99723, 99786, 100045, 99703, 99777, 99768, 99778, 99870, 99862, 99869, 99753, 99890, 99663, 99920, 99851, 99876, 99720, 99745, 99697, 99883, 99932, 99708, 99715, 99943, 99899, 99815, 100016, 99815, 99819, 99831, 99827, 99839, 99832, 99899, 99894, 99802, 99803, 99783, 99720, 99713, 99956, 99757, 
99838, 99800, 99869, 99842, 99788, 99578, 99844, 99779, 99740, 99988, 99705, 99822, 99887, 99686, 99736, 99667, 99876, 99810, 99865, 99664, 99770, 99821, 99727, 99861, 100040, 99859, 99598, 99769, 99820, 99804, 99782, 99813, 99810, 99757, 99867, 99890, 99802, 99955, 99644, 99883, 99761, 99869, 99966, 99701, 99872, 99724, 99766, 99668, 99732, 99670, 99793, 99971, 99741, 99741, 99856, 99771, 99831, 99783, 99842, 99736, 99716, 99607, 99795, 99832, 99893, 99833, 99641, 99841, 99744, 99874, 99892, 99756, 99820, 99823, 99800, 99926, 99724, 99685, 99735, 99821, 99899, 99948, 99927, 99759, 99863, 99808, 99762, 99841, 99598, 99818, 99845, 99729, 99791, 99668, 99763, 99799, 99742, 99860, 99656, 99742, 
99763, 99584, 99698, 99770, 99711, 99803, 99855, 99812, 99683, 99734, 99869, 99907, 99709, 99888, 99807, 99798, 99732, 99738, 99845, 99711, 99786, 99670, 99743, 99748, 99693, 99848, 99723, 99746, 99925, 99808, 99714, 99788, 99785, 99848, 99783, 99736, 99840, 99720, 99937, 99719, 99669, 99784, 99769, 99651, 99614, 99981, 99709, 99737, 99737, 99891, 99745, 99807, 99858, 99780, 99756, 99813, 99626, 99603, 99686, 99921, 99751, 99844, 99727, 99634, 99715, 99814, 99622, 99767, 99656, 99726, 99866, 99713, 99744, 99649, 99696, 99790, 99845, 99629, 99752, 99701, 99667, 99781, 99690, 99748, 99717, 99759, 99596, 99859, 99576, 99781, 99655, 99748, 99554, 99803, 99826, 99760, 99738, 99679, 99675, 99798, 
99888, 99601, 99836, 99749, 99688, 99815, 99693, 99659, 99663, 99776, 99634, 99669, 99806, 99871, 99737, 99625, 99784, 99854, 99774, 99760, 99728, 99774, 99855, 99834, 99609, 99798, 99764, 99817, 99776, 99726, 99786, 99855, 99685, 99812, 99749, 99862, 99693, 99680, 99821, 99779, 99802, 99838, 99688, 99660, 99638, 99762, 99637, 99810, 99697, 99821, 99653, 99715, 99826, 99639, 99749, 99797, 99736, 99739, 99713, 99854, 99764, 99577, 99910, 99812, 99807, 99825, 99669, 99668, 99785, 99657, 99697, 99753, 99682, 99709, 99721, 99577, 99781, 99650, 99672, 99710, 99763, 99656, 99784, 99713, 99826, 99778, 99712, 99766, 99771, 99779, 99725, 99794, 99860, 99807, 99760, 99657, 99679, 99770, 99685, 99769, 
99709, 99814, 99601, 99679, 99671, 99855, 99750, 99730, 99650, 99631, 99682, 99804, 99687, 99678, 99573, 99684, 99588, 99655, 99800, 99592, 99609, 99842, 99719, 99864, 99721, 99632, 99828, 99936, 99646, 99757, 99805, 99617, 99737, 99683, 99724, 99764, 99801, 99770, 99739, 99748, 99726, 99707, 99813, 99766, 99739, 99773, 99815, 99747, 99664, 99573, 99572, 99601, 99762, 99628, 99872, 99676, 99780, 99616, 99731, 99587, 99797, 99695, 99756, 99810, 99591, 99823, 99715, 99583, 99689, 99843, 99686, 99734, 99787, 99577, 99773, 99709, 99688, 99669, 99656, 99747, 99679, 99647, 99675, 99611, 99735, 99781, 99688, 99664, 99643, 99779, 99735, 99724, 99771, 99710, 99710, 99779, 99766, 99753, 99831, 99782, 
99707, 99699, 99659, 99611, 99697, 99705, 99603, 99662, 99775, 99702, 99678, 99673, 99772, 99841, 99806, 99681, 99600, 99735, 99720, 99542, 99704, 99563, 99677, 99793, 99629, 99656, 99580, 99672, 99773, 99638, 99819, 99769, 99709, 99861, 99805, 99668, 99663, 99724, 99644, 99812, 99647, 99600, 99691, 99749, 99629, 99818, 99709, 99643, 99716, 99620, 99799, 99690, 99788, 99567, 99731, 99746, 99787, 99811, 99698, 99708, 99774, 99653, 99813, 99650, 99914, 99682, 99768, 99765, 99647, 99637, 99695, 99686, 99704, 99699, 99679, 99709, 99581, 99677, 99679, 99805, 99612, 99675, 99726, 99781, 99684, 99760, 99681, 99742, 99603, 99772, 99577, 99786, 99704, 99734, 99705, 99500, 99750, 99677, 99790, 99573, 
99637, 99655, 99549, 99617, 99680, 99656, 99673, 99740, 99684, 99697, 99700, 99564, 99622, 99670, 99777, 99521, 99761, 99610, 99613, 99568, 99659, 99581, 99699, 99573, 99581, 99767, 99679, 99724, 99487, 99693, 99796, 99610, 99513, 99690, 99490, 99633, 99630, 99658, 99617, 99680, 99559, 99501, 99742, 99753, 99657, 99712, 99561, 99769, 99587, 99636, 99648, 99582, 99555, 99605, 99640, 99561, 99685, 99742, 99636, 99812, 99646, 99629, 99569, 99854, 99702, 99865, 99509, 99690, 99752, 99700, 99646, 99559, 99685, 99647, 99687, 99733, 99716, 99598, 99601, 99754, 99489, 99540, 99680, 99624, 99726, 99621, 99608, 99598, 99709, 99629, 99729, 99807, 99700, 99546, 99526, 99618, 99590, 99551, 99710, 99849, 
99732, 99623, 99685, 99705, 99794, 99583, 99677, 99642, 99723, 99547, 99643, 99777, 99594, 99618, 99672, 99624, 99576, 99651, 99560, 99734, 99675, 99697, 99710, 99516, 99644, 99595, 99675, 99461, 99768, 99761, 99705, 99699, 99693, 99708, 99601, 99870, 99682, 99615, 99664, 99588, 99681, 99845, 99701, 99539, 99567, 99541, 99621, 99653, 99663, 99726, 99614, 99762, 99680, 99703, 99739, 99710, 99730, 99521, 99675, 99519, 99811, 99686, 99756, 99576, 99653, 99684, 99641, 99856, 99805, 99518, 99620, 99756, 99643, 99538, 99679, 99526, 99689, 99647, 99634, 99503, 99575, 99606, 99585, 99771, 99671, 99644, 99644, 99657, 99710, 99583, 99610, 99657, 99668, 99588, 99687, 99619, 99716, 99695, 99695, 99719, 
99707, 99628, 99615, 99604, 99653, 99730, 99663, 99658, 99685, 99674, 99640, 99690, 99520, 99599, 99632, 99678, 99821, 99597, 99786, 99571, 99748, 99746, 99744, 99650, 99699, 99673, 99588, 99764, 99611, 99590, 99512, 99630, 99626, 99754, 99648, 99760, 99720, 99724, 99551, 99599, 99410, 99517, 99644, 99760, 99493, 99696, 99639, 99685, 99612, 99716, 99735, 99705, 99551, 99676, 99652, 99611, 99617, 99555, 99586, 99483, 99700, 99541, 99554, 99714, 99539, 99708, 99756, 99707, 99648, 99630, 99626, 99707, 99587, 99670, 99635, 99576, 99654, 99644, 99680, 99572, 99657, 99645, 99602, 99636, 99655, 99611, 99782, 99508, 99637, 99499, 99732, 99518, 99629, 99660, 99570, 99624, 99633, 99595, 99822, 99764, 
99387, 99535, 99583, 99528, 99595, 99543, 99646, 99629, 99679, 99509, 99637, 99566, 99651, 99640, 99490, 99624, 99543, 99671, 99645, 99543, 99502, 99636, 99587, 99644, 99554, 99735, 99520, 99627, 99632, 99588, 99575, 99682, 99628, 99650, 99696, 99523, 99577, 99512, 99589, 99719, 99488, 99579, 99578, 99682, 99450, 99793, 99672, 99566, 99641, 99754, 99745, 99671, 99662, 99561, 99638, 99669, 99640, 99636, 99478, 99636, 99569, 99474, 99636, 99610, 99569, 99611, 99731, 99499, 99620, 99585, 99611, 99564, 99489, 99645, 99613, 99604, 99695, 99493, 99564, 99539, 99612, 99650, 99593, 99645, 99605, 99663, 99565, 99555, 99669, 99635, 99667, 99694, 99661, 99488, 99657, 99514, 99540, 99666, 99590, 99675, 
99563, 99573, 99673, 99668, 99649, 99524, 99432, 99579, 99692, 99560, 99536, 99570, 99469, 99562, 99595, 99647, 99681, 99554, 99692, 99495, 99566, 99634, 99499, 99470, 99593, 99628, 99695, 99549, 99571, 99609, 99507, 99778, 99504, 99599, 99518, 99526, 99620, 99426, 99474, 99628, 99734, 99581, 99655, 99524, 99618, 99586, 99594, 99545, 99550, 99668, 99556, 99549, 99731, 99613, 99665, 99652, 99781, 99619, 99541, 99438, 99713, 99505, 99585, 99642, 99586, 99628, 99510, 99554, 99647, 99549, 99605, 99638, 99462, 99597, 99616, 99636, 99526, 99610, 99615, 99704, 99479, 99634, 99490, 99507, 99601, 99500, 99685, 99614, 99668, 99572, 99623, 99539, 99519, 99480, 99641, 99555, 99609, 99631, 99610, 99530, 
99508, 99537, 99569, 99688, 99574, 99677, 99549, 99560, 99631, 99575, 99491, 99507, 99531, 99598, 99603, 99575, 99559, 99531, 99491, 99586, 99545, 99476, 99546, 99598, 99664, 99567, 99588, 99633, 99634, 99606, 99525, 99615, 99625, 99475, 99536, 99531, 99448, 99535, 99614, 99582, 99529, 99587, 99516, 99535, 99519, 99476, 99554, 99594, 99523, 99532, 99520, 99581, 99479, 99607, 99492, 99623, 99564, 99621, 99688, 99616, 99577, 99603, 99496, 99733, 99571, 99620, 99565, 99653, 99555, 99585, 99610, 99535, 99580, 99736, 99557, 99552, 99596, 99536, 99600, 99539, 99521, 99415, 99399, 99516, 99429, 99467, 99468, 99492, 99646, 99586, 99427, 99680, 99583, 99674, 99559, 99563, 99571, 99573, 99452, 99674, 
99530, 99571, 99506, 99411, 99443, 99469, 99502, 99521, 99509, 99471, 99637, 99601, 99576, 99630, 99602, 99468, 99521, 99647, 99539, 99574, 99555, 99529, 99596, 99468, 99563, 99427, 99464, 99488, 99472, 99538, 99533, 99589, 99544, 99556, 99532, 99489, 99541, 99612, 99471, 99490, 99634, 99588, 99558, 99459, 99501, 99631, 99420, 99512, 99503, 99470, 99474, 99515, 99628, 99393, 99534, 99458, 99473, 99527, 99618, 99687, 99600, 99440, 99399, 99679, 99597, 99617, 99654, 99528, 99596, 99613, 99595, 99575, 99400, 99442, 99508, 99457, 99441, 99468, 99613, 99528, 99456, 99503, 99574, 99563, 99441, 99424, 99617, 99479, 99510, 99511, 99471, 99573, 99458, 99372, 99650, 99491, 99607, 99651, 99412, 99481, 
99505, 99476, 99553, 99439, 99520, 99549, 99531, 99367, 99502, 99496, 99474, 99489, 99347, 99561, 99553, 99610, 99465, 99418, 99613, 99546, 99539, 99474, 99507, 99421, 99495, 99510, 99499, 99324, 99515, 99367, 99608, 99591, 99398, 99523, 99501, 99467, 99550, 99455, 99524, 99382, 99437, 99623, 99561, 99546, 99384, 99526, 99544, 99566, 99477, 99731, 99430, 99482, 99474, 99438, 99552, 99515, 99519, 99548, 99541, 99538, 99550, 99657, 99432, 99529, 99594, 99538, 99494, 99545, 99555, 99539, 99475, 99418, 99593, 99508, 99535, 99590, 99590, 99497, 99488, 99480, 99459, 99631, 99517, 99496, 99436, 99316, 99494, 99491, 99498, 99433, 99459, 99672, 99531, 99417, 99462, 99491, 99459, 99504, 99458, 99568, 
99439, 99565, 99620, 99511, 99485, 99418, 99570, 99506, 99545, 99456, 99432, 99547, 99420, 99544, 99474, 99562, 99474, 99477, 99442, 99618, 99414, 99429, 99316, 99514, 99301, 99498, 99501, 99505, 99367, 99446, 99534, 99463, 99503, 99509, 99477, 99304, 99497, 99447, 99460, 99573, 99500, 99434, 99512, 99504, 99664, 99526, 99488, 99626, 99441, 99708, 99509, 99482, 99502, 99609, 99492, 99575, 99518, 99523, 99487, 99567, 99483, 99515, 99362, 99528, 99388, 99440, 99665, 99434, 99436, 99534, 99439, 99458, 99413, 99585, 99417, 99433, 99646, 99533, 99563, 99455, 99442, 99676, 99449, 99488, 99533, 99606, 99495, 99582, 99605, 99454, 99481, 99336, 99515, 99474, 99496, 99557, 99515, 99490, 99518, 99473, 
99552, 99508, 99439, 99511, 99541, 99496, 99184, 99487, 99452, 99637, 99434, 99581, 99490, 99472, 99436, 99448, 99394, 99464, 99476, 99536, 99646, 99487, 99428, 99495, 99626, 99447, 99514, 99571, 99390, 99493, 99401, 99516, 99382, 99555, 99537, 99431, 99603, 99365, 99445, 99460, 99664, 99474, 99583, 99561, 99519, 99510, 99441, 99374, 99474, 99488, 99525, 99515, 99635, 99399, 99386, 99487, 99468, 99541, 99528, 99394, 99384, 99550, 99431, 99486, 99554, 99269, 99515, 99439, 99610, 99421, 99541, 99403, 99463, 99531, 99461, 99451, 99500, 99461, 99524, 99436, 99540, 99441, 99584, 99525, 99391, 99522, 99539, 99544, 99483, 99531, 99414, 99567, 99459, 99527, 99572, 99476, 99547, 99527, 99539, 99479, 
99495, 99402, 99437, 99484, 99482, 99447, 99473, 99494, 99412, 99389, 99471, 99521, 99422, 99511, 99432, 99445, 99505, 99515, 99357, 99475, 99483, 99447, 99360, 99513, 99489, 99467, 99398, 99457, 99410, 99380, 99474, 99449, 99309, 99523, 99458, 99406, 99241, 99378, 99421, 99534, 99415, 99325, 99548, 99519, 99428, 99499, 99335, 99530, 99445, 99515, 99463, 99391, 99387, 99432, 99476, 99416, 99352, 99590, 99558, 99446, 99338, 99349, 99342, 99637, 99471, 99363, 99339, 99579, 99560, 99417, 99475, 99452, 99441, 99491, 99384, 99374, 99568, 99418, 99450, 99492, 99272, 99696, 99378, 99540, 99490, 99488, 99491, 99548, 99409, 99503, 99436, 99455, 99388, 99475, 99402, 99558, 99331, 99490, 99430, 99465, 
99442, 99414, 99447, 99321, 99408, 99334, 99377, 99426, 99373, 99554, 99432, 99506, 99335, 99544, 99463, 99485, 99530, 99437, 99340, 99462, 99352, 99440, 99478, 99516, 99400, 99443, 99433, 99392, 99553, 99400, 99457, 99423, 99382, 99444, 99473, 99389, 99478, 99369, 99394, 99410, 99460, 99459, 99568, 99380, 99393, 99542, 99426, 99389, 99416, 99455, 99423, 99539, 99391, 99404, 99396, 99427, 99339, 99428, 99425, 99461, 99380, 99360, 99465, 99505, 99508, 99353, 99387, 99530, 99589, 99376, 99475, 99274, 99360, 99430, 99435, 99406, 99463, 99445, 99567, 99384, 99451, 99482, 99456, 99403, 99461, 99613, 99441, 99408, 99514, 99465, 99355, 99493, 99460, 99416, 99446, 99530, 99367, 99418, 99463, 99293, 
99467, 99529, 99332, 99503, 99261, 99311, 99323, 99508, 99443, 99322, 99328, 99468, 99394, 99386, 99463, 99380, 99436, 99407, 99463, 99458, 99360, 99467, 99372, 99311, 99467, 99406, 99349, 99482, 99428, 99503, 99356, 99391, 99468, 99415, 99424, 99446, 99457, 99491, 99343, 99308, 99640, 99442, 99245, 99472, 99584, 99369, 99501, 99522, 99367, 99440, 99378, 99478, 99497, 99529, 99381, 99316, 99458, 99403, 99477, 99504, 99482, 99532, 99473, 99466, 99301, 99364, 99412, 99345, 99580, 99493, 99411, 99434, 99374, 99358, 99358, 99413, 99365, 99351, 99383, 99481, 99416, 99526, 99349, 99526, 99469, 99390, 99459, 99387, 99523, 99398, 99330, 99396, 99375, 99395, 99338, 99477, 99389, 99380, 99392, 99403, 
99327, 99292, 99379, 99403, 99598, 99427, 99414, 99437, 99499, 99411, 99497, 99473, 99278, 99428, 99424, 99466, 99377, 99443, 99438, 99535, 99329, 99278, 99363, 99451, 99396, 99476, 99377, 99429, 99371, 99347, 99500, 99332, 99372, 99394, 99359, 99431, 99374, 99391, 99461, 99361, 99472, 99441, 99373, 99265, 99467, 99354, 99349, 99448, 99334, 99368, 99370, 99459, 99399, 99469, 99381, 99405, 99313, 99485, 99360, 99371, 99444, 99427, 99378, 99369, 99362, 99454, 99555, 99373, 99388, 99311, 99464, 99485, 99377, 99425, 99428, 99499, 99260, 99417, 99318, 99483, 99418, 99303, 99435, 99553, 99265, 99289, 99258, 99467, 99374, 99460, 99356, 99428, 99311, 99382, 99462, 99313, 99387, 99352, 99444, 99430, 
99534, 99274, 99365, 99336, 99395, 99377, 99317, 99375, 99399, 99406, 99380, 99381, 99486, 99449, 99466, 99287, 99407, 99388, 99370, 99439, 99378, 99323, 99416, 99417, 99410, 99398, 99312, 99379, 99389, 99459, 99447, 99379, 99366, 99349, 99441, 99445, 99418, 99346, 99357, 99348, 99344, 99327, 99298, 99325, 99293, 99461, 99318, 99331, 99343, 99310, 99316, 99319, 99374, 99195, 99294, 99378, 99283, 99375, 99346, 99422, 99397, 99431, 99367, 99318, 99297, 99359, 99326, 99394, 99459, 99516, 99407, 99327, 99345, 99273, 99389, 99473, 99344, 99325, 99321, 99467, 99373, 99499, 99471, 99390, 99454, 99401, 99488, 99370, 99309, 99314, 99237, 99357, 99374, 99459, 99235, 99396, 99286, 99334, 99415, 99391, 
99498, 99373, 99448, 99322, 99349, 99380, 99359, 99338, 99353, 99362, 99318, 99287, 99325, 99506, 99498, 99528, 99346, 99372, 99430, 99310, 99310, 99305, 99289, 99390, 99269, 99413, 99394, 99331, 99362, 99329, 99375, 99125, 99336, 99378, 99388, 99269, 99371, 99347, 99428, 99329, 99369, 99406, 99384, 99425, 99334, 99375, 99394, 99419, 99304, 99315, 99369, 99442, 99401, 99362, 99315, 99416, 99313, 99407, 99325, 99512, 99224, 99394, 99392, 99260, 99444, 99399, 99395, 99272, 99288, 99366, 99212, 99236, 99392, 99347, 99385, 99250, 99318, 99314, 99370, 99435, 99294, 99332, 99361, 99417, 99418, 99376, 99331, 99467, 99348, 99271, 99377, 99339, 99368, 99372, 99407, 99319, 99387, 99402, 99273, 99391, 
99292, 99506, 99396, 99479, 99328, 99475, 99359, 99295, 99383, 99453, 99319, 99203, 99288, 99266, 99356, 99302, 99374, 99321, 99417, 99418, 99302, 99263, 99292, 99377, 99381, 99317, 99382, 99421, 99278, 99361, 99327, 99279, 99432, 99412, 99402, 99380, 99348, 99354, 99338, 99225, 99363, 99394, 99266, 99352, 99367, 99377, 99297, 99318, 99295, 99282, 99288, 99422, 99448, 99275, 99427, 99229, 99373, 99317, 99328, 99387, 99346, 99280, 99360, 99382, 99301, 99371, 99351, 99362, 99508, 99369, 99356, 99336, 99360, 99449, 99557, 99220, 99329, 99227, 99296, 99364, 99501, 99317, 99454, 99474, 99317, 99290, 99337, 99396, 99440, 99219, 99382, 99311, 99330, 99237, 99254, 99336, 99308, 99270, 99364, 99254, 
99339, 99274, 99355, 99385, 99234, 99339, 99218, 99393, 99398, 99306, 99343, 99123, 99419, 99363, 99330, 99244, 99366, 99373, 99280, 99345, 99418, 99341, 99345, 99244, 99214, 99274, 99184, 99420, 99205, 99331, 99422, 99410, 99332, 99374, 99366, 99440, 99308, 99248, 99363, 99237, 99354, 99250, 99379, 99306, 99356, 99322, 99415, 99264, 99387, 99297, 99341, 99285, 99215, 99223, 99214, 99341, 99348, 99321, 99360, 99284, 99248, 99326, 99272, 99221, 99364, 99331, 99385, 99326, 99245, 99205, 99190, 99269, 99212, 99446, 99305, 99316, 99193, 99310, 99316, 99384, 99268, 99383, 99401, 99274, 99292, 99380, 99421, 99344, 99298, 99336, 99482, 99400, 99238, 99243, 99279, 99341, 99336, 99372, 99337, 99375, 
99399, 99368, 99272, 99289, 99247, 99433, 99236, 99304, 99277, 99264, 99272, 99261, 99385, 99355, 99276, 99139, 99241, 99299, 99261, 99329, 99316, 99306, 99270, 99318, 99329, 99306, 99339, 99296, 99281, 99287, 99155, 99367, 99229, 99205, 99391, 99193, 99248, 99303, 99401, 99291, 99328, 99409, 99239, 99278, 99280, 99353, 99291, 99416, 99178, 99257, 99356, 99270, 99415, 99305, 99299, 99219, 99442, 99403, 99385, 99287, 99253, 99230, 99227, 99338, 99200, 99202, 99378, 99408, 99249, 99309, 99306, 99326, 99239, 99312, 99277, 99306, 99218, 99193, 99514, 99278, 99367, 99222, 99485, 99314, 99323, 99311, 99342, 99236, 99278, 99214, 99230, 99304, 99366, 99356, 99286, 99239, 99248, 99318, 99253, 99270, 
99269, 99292, 99253, 99275, 99297, 99242, 99278, 99357, 99132, 99309, 99177, 99427, 99302, 99256, 99236, 99249, 99262, 99310, 99316, 99192, 99315, 99221, 99430, 99168, 99226, 99421, 99166, 99314, 99398, 99366, 99297, 99132, 99205, 99409, 99156, 99253, 99350, 99317, 99234, 99235, 99329, 99143, 99264, 99275, 99318, 99229, 99293, 99343, 99296, 99304, 99342, 99275, 99260, 99295, 99318, 99109, 99264, 99250, 99244, 99234, 99338, 99306, 99343, 99265, 99141, 99201, 99283, 99236, 99305, 99217, 99188, 99112, 99363, 99342, 99226, 99196, 99250, 99226, 99326, 99279, 99236, 99372, 99209, 99283, 99296, 99192, 99308, 99157, 99320, 99317, 99407, 99218, 99185, 99261, 99314, 99150, 99236, 99232, 99288, 99281, 
99235, 99199, 99260, 99407, 99260, 99239, 99321, 99227, 99313, 99210, 99337, 99248, 99218, 99217, 99249, 99229, 99238, 99268, 99171, 99276, 99279, 99242, 99176, 99293, 99402, 99203, 99359, 99207, 99182, 99388, 99274, 99247, 99269, 99293, 99204, 99163, 99368, 99200, 99220, 99295, 99256, 99258, 99127, 99299, 99329, 99305, 99241, 99379, 99408, 99281, 99326, 99176, 99169, 99255, 99168, 99185, 99287, 99308, 99187, 99280, 99343, 99243, 99249, 99293, 99293, 99235, 99323, 99252, 99254, 99293, 99291, 99299, 99245, 99361, 99249, 99294, 99278, 99248, 99355, 99281, 99296, 99365, 99290, 99321, 99151, 99324, 99228, 99280, 99292, 99201, 99257, 99273, 99197, 99308, 99284, 99243, 99248, 99167, 99250, 99237, 
99135, 99314, 99305, 99212, 99225, 99290, 99283, 99305, 99142, 99235, 99250, 99193, 99194, 99234, 99154, 99269, 99314, 99383, 99304, 99213, 99313, 99205, 99221, 99236, 99176, 99261, 99361, 99265, 99239, 99271, 99186, 99309, 99286, 99236, 99266, 99167, 99297, 99208, 99381, 99227, 99248, 99292, 99175, 99246, 99293, 99204, 99284, 99294, 99248, 99153, 99354, 99178, 99250, 99201, 99214, 99244, 99294, 99164, 99190, 99348, 99238, 99215, 99123, 99282, 99337, 99197, 99338, 99146, 99276, 99243, 99219, 99269, 99153, 99253, 99173, 99357, 99308, 99252, 99243, 99257, 99197, 99192, 99258, 99140, 99116, 99184, 99143, 99289, 99267, 99301, 99268, 99343, 99081, 99323, 99232, 99232, 99274, 99265, 99283, 99178, 
99304, 99225, 99263, 99256, 99215, 99184, 99149, 99266, 99334, 99215, 99178, 99259, 99165, 99280, 99259, 99165, 99325, 99225, 99328, 99273, 99204, 99265, 99241, 99265, 99229, 99239, 99226, 99308, 99303, 99273, 99387, 99133, 99255, 99209, 99123, 99113, 99221, 99177, 99204, 99342, 99345, 99303, 99240, 99103, 99273, 99158, 99169, 99313, 99236, 99382, 99185, 99322, 99179, 99223, 99238, 99232, 99152, 99198, 99258, 99170, 99134, 99297, 99165, 99196, 99129, 99247, 99275, 99235, 99213, 99117, 99211, 99264, 99153, 99198, 99265, 99157, 99257, 99237, 99253, 99220, 99255, 99269, 99197, 99278, 99072, 99198, 99178, 99246, 99158, 99262, 99190, 99183, 99278, 99182, 99236, 99255, 99251, 99171, 99179, 99161, 
99277, 99290, 99196, 99198, 99144, 99183, 99247, 99231, 99187, 99153, 99169, 99288, 99144, 99083, 99182, 99127, 99214, 99270, 99170, 99343, 99219, 99196, 99258, 99113, 99180, 99219, 99133, 99157, 99134, 99306, 99141, 99115, 99282, 99308, 99126, 99258, 99207, 99242, 99227, 99199, 99211, 99151, 99327, 99184, 99057, 99170, 99164, 99160, 99230, 99275, 99263, 99195, 99281, 99206, 99178, 99155, 99132, 99270, 99235, 99037, 99152, 99109, 99202, 99241, 99189, 99080, 99185, 99193, 99279, 99304, 99248, 99210, 99119, 99224, 99272, 99223, 99272, 99168, 99246, 99175, 99265, 99189, 99245, 99234, 99167, 99149, 99211, 99283, 99180, 99250, 99134, 99153, 99204, 99316, 99155, 99191, 99126, 99225, 99350, 99077, 
99228, 99175, 99330, 99098, 99106, 99100, 99184, 99099, 99109, 99184, 99181, 99179, 99149, 99211, 99199, 99255, 99123, 99201, 99123, 99123, 99095, 99210, 99216, 99251, 99202, 99201, 99174, 99134, 99241, 99176, 99299, 99162, 99073, 99066, 99270, 99216, 99159, 99148, 99220, 99158, 99312, 99145, 99276, 99226, 99172, 99316, 99225, 98992, 99192, 99235, 99136, 99217, 99211, 99281, 99087, 99129, 99063, 99235, 99198, 99172, 99084, 99173, 99129, 99185, 99288, 99122, 99118, 99181, 99217, 99325, 99203, 99179, 99250, 99130, 99150, 99136, 99141, 99182, 99180, 99350, 99224, 99236, 99332, 99225, 99186, 99238, 99253, 99304, 99158, 99127, 99300, 99140, 99128, 99186, 99209, 99094, 99159, 99362, 99294, 99291, 
99097, 99147, 99218, 99207, 99242, 99124, 99206, 99213, 99162, 99179, 99105, 99152, 99304, 99161, 99222, 99290, 99193, 99103, 99249, 99050, 99212, 99247, 99109, 99206, 99138, 99258, 99194, 99141, 99136, 99158, 99359, 99222, 99255, 99054, 99136, 99119, 99158, 99231, 99178, 99243, 99256, 99115, 99104, 99214, 99205, 99235, 99131, 99303, 99163, 99103, 99280, 99162, 99126, 99212, 99230, 99222, 99240, 99180, 99152, 99232, 99239, 99157, 99185, 99148, 99177, 99253, 99216, 99081, 99258, 99127, 99061, 99218, 99094, 99144, 99171, 99189, 99244, 99057, 99139, 99205, 99070, 99186, 99200, 99112, 99264, 99105, 99124, 99121, 99165, 99148, 99141, 99114, 99126, 99215, 99201, 99171, 99169, 99086, 99238, 99157, 
99148, 99174, 99123, 99245, 99177, 99234, 99161, 99136, 99162, 99108, 99095, 99224, 99189, 99156, 99210, 99126, 99215, 99293, 99131, 99199, 99250, 99247, 99221, 99050, 99162, 99095, 99164, 99125, 99175, 99148, 99028, 99178, 99089, 99127, 99106, 99202, 99251, 99159, 99108, 99114, 99284, 99150, 99163, 99090, 99237, 99109, 99088, 99136, 99128, 99100, 99147, 99143, 99208, 99219, 99095, 99201, 99228, 99104, 99100, 99260, 99125, 99090, 99184, 99041, 99047, 99140, 99147, 99119, 99261, 99195, 99150, 99057, 99218, 99054, 99172, 99073, 99219, 99090, 99027, 99164, 99146, 99112, 99129, 99146, 99108, 99098, 99187, 99163, 99176, 99231, 99085, 99085, 99171, 99120, 99217, 99222, 99091, 99089, 99102, 99086, 
99183, 99143, 99102, 99188, 99159, 99176, 99097, 99159, 99092, 99126, 99113, 99174, 99197, 99178, 99083, 99108, 99197, 99175, 99091, 99126, 99171, 99084, 99064, 99207, 99143, 99133, 99096, 99186, 99038, 99159, 99061, 99097, 99128, 99185, 99146, 99080, 99152, 99039, 99169, 99088, 99170, 99276, 99048, 99246, 99022, 99166, 99264, 99137, 99117, 99018, 99074, 99129, 99145, 99249, 99209, 99083, 99102, 99132, 99230, 99133, 99151, 99084, 99102, 99137, 99061, 99189, 99028, 98964, 99117, 99087, 99109, 99087, 99221, 99117, 99004, 99061, 99227, 99151, 99142, 99128, 99081, 99086, 99012, 99088, 99122, 99164, 99190, 99270, 99051, 99132, 99147, 99156, 99085, 99171, 99139, 99118, 99086, 99157, 99099, 99162, 
99073, 99106, 99131, 99211, 99190, 99170, 99123, 99203, 99186, 99099, 99096, 99140, 99122, 99025, 99012, 99149, 99132, 99150, 99140, 99159, 99034, 99096, 99070, 99211, 99036, 99033, 99139, 99125, 99182, 99050, 99105, 99075, 99045, 99128, 99058, 99096, 99088, 99189, 98920, 99112, 99142, 99182, 99220, 99076, 99196, 99137, 99053, 99008, 99074, 99087, 99127, 99089, 98999, 99189, 99149, 99114, 99059, 99110, 99153, 99138, 99107, 99045, 99174, 99212, 99214, 99208, 99230, 99038, 99064, 99131, 99122, 99139, 99083, 99153, 99200, 99084, 99088, 99274, 99148, 99106, 99040, 99055, 99136, 99244, 99080, 99133, 99063, 99149, 99125, 99105, 99059, 99116, 99106, 99059, 99121, 99060, 99100, 99099, 99103, 99119, 
99100, 99169, 99107, 99163, 99201, 99090, 99052, 99055, 99143, 99079, 99031, 99090, 99118, 99095, 99034, 98993, 99226, 99078, 99146, 99116, 99133, 99015, 99143, 99096, 99128, 99124, 99094, 99127, 99127, 99238, 99012, 98992, 99109, 98999, 99111, 99183, 99058, 99207, 99051, 99109, 99005, 99083, 99073, 99118, 99042, 99060, 99007, 99237, 99044, 99073, 99194, 99089, 99018, 99168, 98992, 99136, 99191, 99000, 99114, 99085, 99040, 99108, 99183, 99072, 98950, 99044, 99015, 99110, 99146, 99144, 99073, 99191, 99139, 99157, 99036, 99087, 99130, 98979, 98985, 99184, 99083, 99113, 99089, 99058, 99130, 99133, 99032, 99057, 98991, 99036, 99007, 99065, 99123, 99174, 99118, 99191, 99137, 99098, 99127, 99134, 
99110, 99141, 99170, 99104, 99069, 99153, 99129, 99005, 99069, 99096, 99150, 98951, 99036, 99079, 99035, 98998, 99048, 99182, 99196, 99118, 99141, 99116, 99045, 99168, 99065, 99124, 99055, 98999, 99091, 99086, 99061, 99208, 99080, 99151, 99082, 98965, 99095, 99057, 99071, 99029, 99202, 99099, 99043, 99093, 99093, 99060, 98993, 99009, 99156, 99107, 99080, 99150, 98959, 99126, 99069, 99245, 99102, 99018, 99098, 99047, 99136, 98988, 99022, 99060, 99074, 99079, 99138, 99080, 99014, 99122, 98996, 99076, 99059, 99036, 99097, 99038, 99012, 99106, 99053, 99201, 99143, 99197, 99122, 99074, 99058, 99131, 99054, 98981, 99033, 99035, 98970, 99114, 99057, 99015, 99082, 98969, 99124, 99160, 99061, 99111, 
99058, 99031, 98988, 98997, 99134, 99108, 99160, 99047, 98971, 98998, 99018, 99192, 99138, 99100, 99024, 99102, 99044, 99010, 99182, 99012, 99021, 98967, 98984, 99080, 99146, 99084, 99126, 99059, 98987, 99029, 99065, 99109, 99110, 99084, 99133, 99040, 98999, 99100, 99000, 99073, 99068, 99143, 99055, 98973, 99093, 99040, 99107, 99075, 99132, 99099, 99086, 99099, 99088, 99085, 99081, 99006, 99050, 99083, 99040, 99113, 99093, 99052, 99013, 99014, 98996, 98919, 99051, 99023, 99222, 99091, 99083, 99102, 98946, 98974, 98981, 99106, 99121, 98919, 99047, 99043, 99116, 98989, 99041, 98993, 98993, 99122, 99119, 99087, 99090, 99047, 98972, 98989, 99068, 99079, 99102, 99015, 99060, 98970, 99113, 99062, 
99044, 99095, 99048, 98872, 99003, 98936, 99093, 99034, 99080, 98948, 99099, 98923, 99048, 98996, 99121, 98961, 98995, 98979, 98959, 99054, 99039, 99001, 98980, 99000, 98950, 99062, 99095, 98999, 98961, 99048, 99028, 99020, 99083, 99045, 98949, 99093, 99033, 99064, 99061, 99154, 98993, 99063, 99124, 99006, 99068, 99074, 99045, 99069, 99089, 99049, 99039, 99026, 99008, 99089, 99008, 99036, 99011, 99006, 99046, 99060, 98947, 98939, 99001, 99092, 99028, 98958, 98976, 99121, 99212, 99134, 99148, 98924, 99004, 99149, 99028, 99035, 98973, 99153, 98986, 99054, 99056, 99019, 98941, 99094, 99061, 99047, 98981, 99075, 98888, 99056, 99103, 99168, 99007, 98972, 99092, 99060, 99063, 99048, 99101, 99017, 
98991, 99089, 99087, 99097, 99003, 99086, 98956, 99104, 99078, 99047, 98944, 98984, 99134, 99026, 98988, 98964, 98987, 98950, 99060, 98969, 98924, 98981, 99065, 99120, 99129, 99028, 98961, 99001, 99015, 98987, 99049, 99074, 98980, 99070, 98917, 98980, 98967, 98945, 98999, 99005, 99165, 98959, 99000, 99034, 99088, 98940, 99040, 98974, 98975, 98983, 99031, 99057, 98974, 98971, 99030, 98978, 99084, 98990, 99008, 98983, 98987, 99018, 98992, 99042, 98954, 98994, 99090, 98950, 99024, 99116, 99057, 99025, 98955, 99082, 99056, 98957, 99004, 98992, 99049, 99108, 98917, 99078, 99031, 98988, 99078, 99026, 99077, 99005, 99018, 98900, 99078, 98990, 98933, 99108, 98926, 99041, 98937, 99013, 98939, 98975, 
98957, 99131, 98953, 99053, 98938, 99104, 98907, 98930, 98949, 98898, 98984, 99009, 99054, 98995, 99074, 98918, 98975, 98990, 99000, 99029, 98997, 99014, 99050, 98985, 98998, 98978, 99127, 98968, 98977, 99108, 98964, 99026, 99012, 99087, 99002, 98995, 99012, 99084, 98953, 98920, 99028, 98971, 98984, 98998, 98978, 99005, 98957, 98920, 99031, 99010, 99008, 98974, 98954, 99089, 98851, 98974, 98937, 99035, 98940, 98991, 98941, 99026, 99038, 99082, 98998, 98918, 98988, 98933, 99066, 98987, 98994, 99137, 98953, 99005, 99045, 99003, 98983, 99110, 98928, 98970, 98949, 99035, 98946, 98972, 99081, 99000, 99079, 98935, 98975, 99048, 98921, 98914, 98989, 99079, 98931, 99019, 98991, 98930, 98916, 99104, 
99026, 99079, 98901, 98884, 98973, 98889, 99058, 98928, 99020, 99058, 98993, 98962, 99092, 99067, 99009, 99013, 98904, 99016, 98945, 99047, 98915, 98970, 99062, 99091, 98897, 98923, 99016, 98982, 98884, 99101, 99026, 99086, 99041, 98931, 99018, 99021, 99001, 99019, 99049, 99016, 99081, 99001, 99029, 98990, 98916, 99001, 98926, 99071, 98918, 99084, 98972, 99014, 98996, 98990, 99107, 98917, 98944, 98981, 99147, 98988, 98898, 99022, 98959, 98870, 98961, 99000, 99045, 99038, 99062, 99017, 99069, 98935, 98982, 98931, 98912, 99043, 98904, 99023, 98966, 99084, 98939, 98968, 99060, 99000, 98982, 99083, 98944, 98915, 99018, 98985, 98968, 98995, 98955, 99033, 98984, 99012, 99003, 98940, 98933, 98974, 
98998, 99022, 98983, 98953, 98831, 98945, 99075, 98919, 98976, 99105, 98910, 99090, 98825, 98884, 99013, 99022, 98961, 99006, 98940, 98943, 99083, 98910, 99136, 99061, 98897, 98946, 98983, 98946, 98878, 98952, 98953, 98937, 99013, 98972, 99004, 98971, 99046, 98889, 98981, 98946, 99007, 98951, 98996, 98999, 99031, 98927, 98940, 99015, 99002, 98958, 98927, 99044, 98947, 98944, 98989, 98953, 99058, 99029, 98908, 99042, 98867, 98963, 98951, 98989, 98984, 98998, 98990, 98918, 98926, 99030, 98914, 98927, 98922, 99018, 98916, 98995, 99024, 99052, 99092, 99044, 98963, 98932, 98893, 98809, 98975, 98898, 98897, 98967, 98953, 98956, 99013, 98940, 98975, 98914, 98913, 98918, 98956, 98983, 98944, 99035, 
99018, 98981, 99053, 99100, 98897, 98827, 98872, 98978, 98928, 98931, 98987, 98918, 98911, 98923, 98938, 98939, 99027, 99052, 99034, 98960, 98903, 98985, 98905, 98927, 98981, 98940, 98885, 98922, 99060, 98961, 98970, 99000, 98986, 98975, 98966, 98888, 99030, 98918, 98900, 98908, 98923, 99039, 98964, 98867, 98985, 99096, 98874, 98910, 98901, 98950, 98987, 98894, 98865, 98933, 98970, 98963, 99003, 98952, 98960, 99066, 98885, 98949, 99005, 98971, 98992, 98904, 98922, 98927, 98897, 98940, 98879, 98895, 99051, 98959, 98994, 98932, 98999, 98889, 99032, 98955, 98877, 98959, 98883, 98898, 98922, 99005, 98966, 98965, 98995, 98866, 98892, 98931, 98880, 98988, 98985, 98878, 99007, 98972, 98885, 98852, 
99017, 98960, 98950, 98883, 98893, 98980, 98945, 98909, 98997, 98932, 98952, 98874, 98904, 98910, 98921, 98952, 98821, 98936, 98997, 98944, 98889, 98909, 98977, 98936, 98923, 98979, 98931, 98950, 98940, 98899, 98972, 98955, 98896, 98955, 98885, 98854, 98992, 98932, 98844, 98964, 98928, 99018, 98894, 98999, 98950, 99007, 98910, 98970, 98977, 98916, 98890, 98993, 98894, 98914, 98913, 98893, 98926, 99009, 98911, 99046, 98953, 98928, 98933, 98908, 98923, 98964, 99030, 98976, 99040, 98894, 98793, 98991, 98931, 98959, 98846, 98910, 98886, 98909, 98948, 98920, 98902, 98880, 98942, 98934, 98916, 98795, 99004, 98957, 98985, 98934, 98951, 98996, 99004, 98960, 98877, 98997, 98914, 98952, 98939, 98960, 
98957, 98860, 98941, 98936, 98968, 98869, 98920, 98971, 98909, 98911, 98929, 98877, 98942, 98929, 98844, 98937, 98872, 98859, 98946, 98998, 98948, 98901, 98986, 98919, 98852, 98937, 98865, 98944, 98968, 98909, 98938, 98963, 98924, 98946, 98955, 98984, 98859, 98897, 98923, 98979, 98932, 98932, 99003, 98832, 98990, 98922, 98865, 98943, 98933, 99026, 98951, 98996, 98864, 99019, 99063, 98900, 98869, 98991, 99002, 99062, 98936, 99006, 98895, 98930, 98803, 98809, 98907, 98839, 98910, 99001, 98942, 98936, 99019, 98828, 98881, 98856, 98941, 98920, 98829, 99015, 99056, 98948, 98861, 98980, 98999, 99027, 98957, 98955, 98975, 98834, 98964, 98816, 98836, 98907, 98925, 98870, 98917, 98963, 98809, 98964, 
98927, 98947, 98844, 98943, 98864, 98859, 98812, 98897, 98843, 98878, 98806, 98888, 98850, 98879, 98967, 98870, 98865, 98842, 98939, 98962, 98901, 99016, 98880, 98950, 98905, 98949, 98806, 98948, 98952, 98937, 98814, 98920, 98970, 98920, 98851, 98913, 98888, 98803, 98931, 98925, 98900, 98905, 98923, 98954, 98898, 98857, 98834, 98907, 98881, 98825, 98920, 98877, 98801, 98939, 98983, 98898, 98952, 98886, 98960, 98999, 98959, 98977, 98971, 98935, 98734, 98950, 98974, 98899, 98934, 98851, 98923, 98922, 98880, 98972, 98948, 98903, 99038, 98941, 98914, 98944, 98903, 98908, 98847, 98915, 98954, 98859, 98947, 99012, 98920, 98971, 98979, 98969, 98928, 98825, 98860, 98845, 98902, 98906, 98868, 98893, 
98925, 98838, 98876, 98955, 98917, 98827, 98923, 98930, 98839, 98862, 98902, 98802, 98857, 98918, 98926, 98910, 98925, 98837, 98853, 98881, 98937, 98918, 98941, 98818, 98864, 98886, 98874, 98885, 98937, 98827, 98820, 98834, 98869, 98899, 98858, 98903, 98911, 98890, 98924, 98887, 98841, 98914, 98912, 98894, 98880, 98903, 98899, 98917, 98872, 98857, 98951, 98827, 98938, 98943, 98942, 98860, 98974, 98878, 98858, 98875, 98954, 98818, 98816, 98941, 98920, 98872, 98957, 98935, 98811, 98836, 98835, 98971, 98855, 98858, 98909, 98973, 99072, 98897, 98873, 98749, 98927, 98956, 98846, 98977, 98845, 98946, 98833, 98911, 98842, 99012, 98913, 98861, 98910, 98811, 98865, 98846, 98978, 98906, 98906, 98934, 
98867, 98936, 98976, 98840, 98876, 98823, 98858, 98870, 98905, 98796, 98810, 98815, 98849, 98870, 98937, 98825, 98858, 98788, 98843, 98899, 98874, 98930, 98882, 98862, 98925, 98878, 98809, 98934, 98877, 98940, 98929, 98859, 98926, 98904, 98854, 98949, 98934, 98913, 98883, 98765, 98842, 98839, 98829, 98876, 98859, 98898, 98895, 98827, 98828, 98984, 98930, 98907, 98884, 98954, 98916, 98857, 98877, 98799, 98872, 98918, 98850, 98825, 99021, 99018, 98822, 98945, 98799, 98892, 98802, 98903, 98842, 98880, 98808, 98789, 98990, 98872, 98889, 98910, 98909, 98904, 98908, 98872, 98879, 98870, 98832, 98897, 98952, 98906, 98884, 98880, 98839, 98881, 98895, 98792, 98921, 98866, 98757, 98873, 98875, 98867, 
98799, 98875, 98899, 98929, 98816, 98759, 98871, 98831, 98880, 98931, 98884, 98825, 98860, 98860, 98868, 98921, 98851, 98869, 98921, 98812, 98768, 98871, 98831, 98845, 98832, 98855, 98801, 98872, 98849, 98789, 98783, 98900, 98879, 98894, 98876, 98801, 98882, 98836, 98900, 98882, 98840, 98919, 98845, 98848, 98847, 98793, 98766, 98869, 98899, 98850, 98838, 98803, 98873, 98892, 98867, 98815, 98876, 98974, 98817, 98920, 98876, 98899, 98887, 98837, 98921, 98955, 98737, 98822, 98909, 98892, 98854, 98927, 98876, 98751, 98922, 98931, 98901, 98893, 98904, 98899, 98854, 98795, 98885, 98910, 98859, 98880, 98880, 98823, 98843, 98907, 98943, 98792, 98820, 98895, 98879, 98848, 98877, 98807, 98763, 98868, 
98826, 98926, 98752, 98755, 98898, 98794, 98767, 98824, 98902, 98864, 98902, 98832, 98806, 98803, 98857, 98813, 98894, 98880, 98847, 98838, 98846, 98800, 98836, 98831, 98837, 98804, 98793, 98916, 98801, 98920, 98853, 98845, 98955, 98848, 98838, 98941, 98864, 98911, 98896, 98935, 98794, 98835, 98893, 98824, 98929, 98910, 98850, 98932, 98814, 98850, 98811, 98912, 98964, 98765, 98846, 98866, 98799, 98861, 98850, 98917, 98838, 98800, 98857, 98813, 98784, 98808, 98782, 98819, 98737, 98784, 98883, 98751, 98890, 98808, 98841, 98786, 98982, 98893, 98891, 98888, 98751, 98907, 98849, 98920, 98864, 98768, 98797, 98892, 98850, 98810, 98776, 98874, 98822, 98833, 98826, 98809, 98910, 98841, 98757, 98888, 
98939, 98747, 98834, 98796, 98797, 98805, 98793, 98919, 98772, 98815, 98935, 98762, 98755, 98852, 98843, 98891, 98794, 98851, 98863, 98875, 98854, 98870, 98786, 98862, 98887, 98723, 98816, 98754, 98721, 98875, 98805, 98804, 98867, 98727, 98869, 98827, 98725, 98840, 98800, 98802, 98786, 98862, 98905, 98793, 98863, 98804, 98790, 98819, 98828, 98824, 98802, 98741, 98818, 98794, 98803, 98876, 98755, 98881, 98884, 98830, 98847, 98817, 98840, 98700, 98819, 98859, 98736, 98777, 98828, 98877, 98885, 98817, 98821, 98748, 98821, 98801, 98772, 98767, 98879, 98773, 98702, 98807, 98806, 98838, 98837, 98803, 98936, 98799, 98802, 98786, 98750, 98798, 98836, 98706, 98849, 98787, 98884, 98811, 98885, 98830, 
98743, 98777, 98829, 98821, 98770, 98877, 98791, 98828, 98748, 98795, 98830, 98825, 98877, 98734, 98799, 98780, 98831, 98809, 98702, 98809, 98816, 98900, 98914, 98809, 98754, 98744, 98866, 98888, 98787, 98814, 98926, 98783, 98842, 98800, 98847, 98986, 98783, 98773, 98813, 98726, 98826, 98831, 98847, 98856, 98804, 98750, 98814, 98875, 98789, 98735, 98806, 98867, 98854, 98788, 98804, 98750, 98815, 98838, 98777, 98779, 98886, 98769, 98810, 98749, 98817, 98792, 98790, 98703, 98743, 98817, 98799, 98817, 98800, 98834, 98697, 98875, 98898, 98862, 98705, 98834, 98877, 98884, 98727, 98750, 98864, 98872, 98728, 98907, 98814, 98814, 98857, 98799, 98915, 98738, 98855, 98705, 98814, 98822, 98769, 98844, 
98794, 98830, 98805, 98774, 98821, 98771, 98744, 98895, 98808, 98792, 98848, 98781, 98816, 98812, 98767, 98796, 98860, 98734, 98825, 98775, 98859, 98799, 98790, 98760, 98852, 98850, 98719, 98793, 98761, 98776, 98711, 98857, 98751, 98746, 98821, 98775, 98847, 98826, 98816, 98794, 98818, 98729, 98858, 98709, 98748, 98856, 98811, 98904, 98849, 98806, 98721, 98854, 98824, 98872, 98818, 98847, 98741, 98663, 98710, 98835, 98756, 98968, 98786, 98816, 98861, 98775, 98838, 98799, 98815, 98804, 98737, 98891, 98663, 98746, 98801, 98701, 98814, 98829, 98782, 98825, 98767, 98837, 98740, 98804, 98854, 98851, 98682, 98883, 98819, 98740, 98725, 98847, 98822, 98841, 98861, 98860, 98806, 98691, 98782, 98767, 
98757, 98869, 98814, 98764, 98697, 98787, 98734, 98800, 98725, 98746, 98660, 98716, 98799, 98835, 98769, 98771, 98877, 98728, 98770, 98808, 98708, 98808, 98713, 98750, 98796, 98754, 98727, 98763, 98718, 98752, 98851, 98699, 98855, 98803, 98890, 98761, 98857, 98799, 98745, 98813, 98684, 98835, 98843, 98827, 98770, 98813, 98777, 98847, 98703, 98823, 98666, 98783, 98749, 98706, 98804, 98809, 98799, 98847, 98818, 98703, 98801, 98780, 98855, 98718, 98779, 98851, 98665, 98795, 98695, 98795, 98758, 98719, 98743, 98866, 98870, 98813, 98733, 98783, 98794, 98798, 98726, 98767, 98850, 98758, 98810, 98782, 98858, 98754, 98835, 98840, 98785, 98782, 98780, 98795, 98754, 98762, 98721, 98774, 98781, 98850, 
98785, 98745, 98711, 98735, 98720, 98795, 98814, 98821, 98743, 98804, 98894, 98786, 98811, 98846, 98737, 98822, 98719, 98715, 98812, 98817, 98825, 98776, 98765, 98796, 98762, 98624, 98647, 98747, 98780, 98771, 98795, 98653, 98728, 98705, 98797, 98770, 98739, 98781, 98732, 98822, 98831, 98838, 98778, 98677, 98825, 98787, 98729, 98748, 98763, 98792, 98690, 98769, 98799, 98785, 98711, 98756, 98785, 98708, 98790, 98785, 98794, 98772, 98804, 98870, 98714, 98706, 98775, 98664, 98811, 98703, 98776, 98782, 98746, 98748, 98777, 98737, 98816, 98851, 98699, 98835, 98710, 98834, 98760, 98724, 98732, 98715, 98724, 98817, 98770, 98858, 98839, 98755, 98739, 98793, 98704, 98746, 98738, 98733, 98706, 98825, 
98724, 98795, 98755, 98814, 98730, 98794, 98714, 98731, 98710, 98811, 98844, 98752, 98682, 98705, 98789, 98775, 98810, 98719, 98709, 98769, 98688, 98687, 98745, 98809, 98818, 98801, 98781, 98757, 98665, 98711, 98815, 98817, 98755, 98731, 98813, 98739, 98699, 98709, 98736, 98760, 98747, 98728, 98716, 98841, 98723, 98741, 98774, 98876, 98778, 98815, 98706, 98756, 98822, 98819, 98781, 98780, 98715, 98794, 98769, 98698, 98724, 98720, 98797, 98714, 98768, 98639, 98675, 98738, 98743, 98752, 98752, 98709, 98781, 98694, 98750, 98746, 98786, 98655, 98786, 98729, 98697, 98739, 98777, 98727, 98830, 98707, 98707, 98817, 98782, 98736, 98780, 98699, 98701, 98762, 98763, 98702, 98768, 98679, 98642, 98736, 
98802, 98711, 98654, 98723, 98868, 98714, 98715, 98720, 98737, 98806, 98752, 98716, 98711, 98821, 98768, 98756, 98686, 98819, 98729, 98788, 98669, 98756, 98844, 98633, 98717, 98712, 98710, 98797, 98716, 98798, 98761, 98685, 98747, 98765, 98698, 98693, 98730, 98732, 98696, 98609, 98740, 98737, 98779, 98755, 98716, 98733, 98610, 98698, 98728, 98784, 98715, 98716, 98761, 98862, 98750, 98766, 98654, 98740, 98803, 98706, 98743, 98699, 98730, 98767, 98763, 98689, 98807, 98752, 98794, 98687, 98739, 98761, 98725, 98746, 98720, 98770, 98748, 98681, 98697, 98773, 98738, 98747, 98803, 98722, 98828, 98737, 98799, 98792, 98710, 98716, 98734, 98700, 98715, 98712, 98703, 98698, 98728, 98775, 98674, 98644, 
98711, 98691, 98702, 98758, 98684, 98643, 98656, 98752, 98685, 98683, 98691, 98751, 98752, 98733, 98740, 98714, 98677, 98716, 98678, 98708, 98688, 98719, 98722, 98795, 98722, 98730, 98802, 98701, 98767, 98696, 98751, 98715, 98709, 98676, 98753, 98759, 98780, 98746, 98773, 98699, 98757, 98741, 98717, 98686, 98621, 98671, 98716, 98707, 98670, 98700, 98738, 98651, 98677, 98737, 98661, 98732, 98716, 98729, 98790, 98841, 98657, 98681, 98708, 98758, 98762, 98691, 98722, 98749, 98775, 98724, 98750, 98671, 98752, 98820, 98746, 98716, 98680, 98708, 98627, 98605, 98807, 98817, 98739, 98659, 98642, 98723, 98683, 98694, 98788, 98702, 98709, 98767, 98780, 98686, 98690, 98747, 98758, 98712, 98699, 98804, 
98719, 98732, 98705, 98674, 98631, 98709, 98601, 98705, 98661, 98755, 98751, 98729, 98614, 98733, 98697, 98730, 98781, 98722, 98699, 98686, 98714, 98670, 98713, 98731, 98715, 98668, 98734, 98724, 98635, 98781, 98671, 98695, 98786, 98756, 98673, 98677, 98695, 98745, 98656, 98684, 98706, 98741, 98719, 98661, 98725, 98674, 98580, 98756, 98719, 98717, 98655, 98707, 98701, 98730, 98689, 98713, 98679, 98744, 98776, 98686, 98741, 98681, 98703, 98714, 98743, 98629, 98655, 98783, 98652, 98633, 98685, 98699, 98751, 98758, 98671, 98732, 98746, 98670, 98751, 98755, 98749, 98627, 98720, 98723, 98695, 98737, 98720, 98723, 98732, 98715, 98676, 98614, 98788, 98724, 98693, 98688, 98759, 98736, 98610, 98747, 
98735, 98729, 98782, 98708, 98663, 98771, 98676, 98622, 98749, 98667, 98660, 98726, 98640, 98640, 98722, 98816, 98687, 98646, 98633, 98751, 98754, 98658, 98645, 98658, 98588, 98659, 98677, 98638, 98672, 98765, 98797, 98672, 98678, 98711, 98744, 98698, 98702, 98704, 98638, 98715, 98670, 98748, 98735, 98615, 98776, 98665, 98623, 98590, 98735, 98707, 98638, 98736, 98654, 98649, 98709, 98772, 98715, 98660, 98630, 98680, 98721, 98629, 98661, 98740, 98682, 98708, 98575, 98637, 98670, 98725, 98701, 98676, 98729, 98632, 98586, 98807, 98714, 98730, 98653, 98735, 98675, 98723, 98662, 98651, 98705, 98704, 98732, 98700, 98740, 98617, 98690, 98715, 98829, 98701, 98731, 98667, 98633, 98671, 98675, 98678, 
98681, 98742, 98755, 98693, 98725, 98719, 98670, 98670, 98647, 98620, 98672, 98639, 98736, 98616, 98661, 98638, 98598, 98755, 98696, 98709, 98649, 98734, 98645, 98706, 98736, 98648, 98660, 98647, 98636, 98589, 98658, 98580, 98667, 98779, 98612, 98752, 98623, 98623, 98735, 98678, 98749, 98647, 98741, 98615, 98677, 98569, 98774, 98651, 98705, 98700, 98758, 98776, 98697, 98669, 98698, 98642, 98667, 98761, 98674, 98676, 98696, 98588, 98643, 98590, 98677, 98687, 98635, 98651, 98721, 98679, 98770, 98634, 98763, 98650, 98765, 98660, 98696, 98682, 98644, 98659, 98634, 98630, 98697, 98666, 98737, 98675, 98686, 98782, 98726, 98654, 98741, 98739, 98721, 98664, 98731, 98596, 98655, 98574, 98745, 98595, 
98613, 98660, 98693, 98688, 98579, 98586, 98741, 98653, 98597, 98721, 98627, 98617, 98650, 98643, 98736, 98660, 98578, 98611, 98591, 98753, 98660, 98656, 98679, 98693, 98658, 98661, 98675, 98781, 98667, 98659, 98666, 98643, 98583, 98713, 98661, 98622, 98638, 98643, 98631, 98630, 98711, 98716, 98692, 98645, 98675, 98657, 98661, 98704, 98693, 98686, 98646, 98696, 98669, 98678, 98663, 98578, 98704, 98666, 98622, 98686, 98543, 98688, 98670, 98691, 98618, 98719, 98735, 98586, 98634, 98704, 98633, 98666, 98746, 98706, 98598, 98574, 98657, 98631, 98594, 98690, 98560, 98665, 98693, 98673, 98684, 98601, 98636, 98656, 98649, 98572, 98698, 98639, 98700, 98661, 98687, 98695, 98687, 98610, 98690, 98629, 
98597, 98618, 98608, 98581, 98669, 98593, 98677, 98644, 98704, 98630, 98642, 98666, 98626, 98674, 98639, 98692, 98566, 98576, 98587, 98606, 98656, 98692, 98654, 98616, 98620, 98644, 98683, 98579, 98572, 98677, 98626, 98673, 98634, 98577, 98589, 98674, 98725, 98645, 98596, 98640, 98671, 98672, 98595, 98629, 98598, 98585, 98588, 98644, 98697, 98660, 98643, 98654, 98635, 98632, 98633, 98628, 98712, 98661, 98606, 98689, 98605, 98657, 98617, 98655, 98632, 98646, 98600, 98626, 98651, 98641, 98603, 98595, 98669, 98665, 98589, 98664, 98664, 98619, 98670, 98692, 98660, 98622, 98657, 98681, 98606, 98636, 98756, 98640, 98660, 98715, 98630, 98682, 98595, 98649, 98677, 98662, 98588, 98663, 98619, 98639, 
98604, 98547, 98682, 98577, 98621, 98575, 98639, 98624, 98562, 98540, 98655, 98687, 98592, 98686, 98621, 98585, 98615, 98713, 98628, 98664, 98680, 98704, 98620, 98696, 98531, 98638, 98699, 98715, 98620, 98664, 98581, 98606, 98632, 98610, 98592, 98591, 98679, 98540, 98658, 98648, 98646, 98626, 98589, 98524, 98720, 98630, 98623, 98641, 98581, 98546, 98671, 98700, 98674, 98512, 98624, 98655, 98670, 98582, 98573, 98687, 98572, 98705, 98647, 98655, 98598, 98729, 98588, 98695, 98654, 98624, 98710, 98709, 98609, 98660, 98790, 98576, 98797, 98646, 98660, 98680, 98577, 98609, 98632, 98638, 98614, 98635, 98638, 98550, 98621, 98682, 98599, 98682, 98650, 98565, 98647, 98601, 98590, 98624, 98609, 98647, 
98563, 98504, 98572, 98579, 98673, 98688, 98666, 98576, 98636, 98554, 98619, 98568, 98521, 98597, 98594, 98525, 98581, 98584, 98635, 98636, 98672, 98690, 98621, 98599, 98619, 98601, 98559, 98659, 98661, 98705, 98616, 98609, 98572, 98588, 98614, 98637, 98630, 98623, 98639, 98653, 98599, 98612, 98545, 98703, 98641, 98573, 98621, 98602, 98601, 98688, 98644, 98677, 98620, 98674, 98556, 98652, 98664, 98580, 98689, 98625, 98747, 98660, 98610, 98670, 98581, 98662, 98635, 98620, 98559, 98615, 98627, 98696, 98624, 98658, 98721, 98634, 98735, 98650, 98658, 98542, 98574, 98610, 98590, 98576, 98624, 98536, 98642, 98579, 98636, 98679, 98609, 98589, 98679, 98572, 98613, 98660, 98625, 98721, 98500, 98646, 
